TS,CG STI.CG STI.LoafGum.LoafGum01AverageTemp,CG STI.CG STI.LoafGum.LoafGum01MaxTemp,CG STI.CG STI.LoafGum.LoafGum01MinTemp,CG_Sheeting.CG_Sheeting.Variables.rGumExtruderExitGumTemp,CG_Sheeting.CG_Sheeting.dbHMI.Cooling.Variables.rChillerSetpoint,CG_Sheeting.CG_Sheeting.dbHMI.Cooling.Variables.rDrum1InletTemp,CG_Sheeting.CG_Sheeting.dbHMI.Cooling.Variables.rDrum1OutletTemp,CG_Sheeting.CG_Sheeting.dbHMI.Cooling.Variables.rDrum2InletTemp,CG_Sheeting.CG_Sheeting.dbHMI.Cooling.Variables.rDrum2OutletTemp,CG_Sheeting.CG_Sheeting.dbHMI.Cooling.Variables.rGumEntranceTemperature,CG_Sheeting.CG_Sheeting.dbHMI.Cooling.Variables.rGumExitTempLeft,CG_Sheeting.CG_Sheeting.dbHMI.Cooling.Variables.rGumExitTempRight,SFBMix.PLC_BOSCH EXTRUDER.DB_Data_Exchange.Drum_Speed_RealValue1,SFBMix.PLC_BOSCH EXTRUDER.DB_Data_Exchange.Drum_Speed_RealValue2,SFBMix.PLC_BOSCH EXTRUDER.DB_Data_Exchange.Drum_Speed_SP,SFBMix.PLC_BOSCH EXTRUDER.DB_Data_Exchange.EXT_LB_Temp_RealValue,SFBMix.PLC_BOSCH EXTRUDER.DB_Data_Exchange.EXT_LB_Temp_SP,SFBMix.PLC_BOSCH EXTRUDER.DB_Data_Exchange.EXT_PH_Temp_RealValue,SFBMix.PLC_BOSCH EXTRUDER.DB_Data_Exchange.EXT_PH_Temp_SP,SFBMix.PLC_BOSCH EXTRUDER.DB_Data_Exchange.EXT_UB_Temp_RealValue,SFBMix.PLC_BOSCH EXTRUDER.DB_Data_Exchange.EXT_UB_Temp_SP,SFBMix.PLC_BOSCH EXTRUDER.EXT_PH_Pressure
2024-08-13 05:41:11,30.122894,42.469543,21.247284,47.060184,-15.0,-15.381947,-13.411461,-15.902779,-14.134838,37.67361,23.89323,22.699652,51.312256,4.1049805,51.308002,39.88,40.0,50.23,50.0,40.55,40.0,3.6066265
2024-08-13 05:41:12,30.869232,42.71118,21.311249,47.07176,-15.0,-15.381947,-13.411461,-15.902779,-14.134838,37.774883,23.690683,23.488136,51.306152,4.104492,51.308002,39.88,40.0,50.29,50.0,40.5,40.0,3.4882812
2024-08-13 05:41:13,23.548553,26.933228,21.18335,47.118053,-15.0,-15.381947,-13.411461,-15.902779,-14.134838,37.5651,23.690683,23.394098,51.30005,4.104004,51.308002,39.82,40.0,50.29,50.0,40.55,40.0,3.517868
2024-08-13 05:41:14,23.612457,26.03955,21.375214,47.10648,-15.0,-15.381947,-13.411461,-15.902779,-14.134838,37.67361,23.191551,23.488136,51.324463,4.105957,51.308002,39.88,40.0,50.23,50.0,40.55,40.0,3.5474539
2024-08-13 05:41:15,25.017853,37.639557,21.598999,47.16435,-15.0,-15.381947,-13.396992,-15.902779,-14.134838,37.76765,24.016203,23.394098,51.26953,4.1015625,51.308002,39.88,40.0,50.29,50.0,40.5,40.0,3.517868
2024-08-13 05:41:16,25.496796,38.280914,21.311249,47.175926,-15.0,-15.381947,-13.396992,-15.902779,-14.120369,37.67361,23.596643,23.488136,51.324463,4.105957,51.308002,39.93,40.0,50.29,50.0,40.5,40.0,3.4586954
2024-08-13 05:41:17,23.804169,34.89801,21.311249,47.118053,-15.0,-15.381947,-13.396992,-15.902779,-14.120369,37.67361,23.184317,23.292824,51.28784,4.1030273,51.308002,39.93,40.0,50.23,50.0,40.61,40.0,3.5474539
2024-08-13 05:41:18,23.548553,25.1456,21.279266,47.21065,-15.0,-15.381947,-13.396992,-15.902779,-14.120369,37.774883,22.989004,23.357927,51.31836,4.1054688,51.308002,39.88,40.0,50.18,50.0,40.55,40.0,3.517868
2024-08-13 05:41:19,23.516632,26.167236,21.279266,47.22222,-15.0,-15.381947,-13.382523,-15.902779,-14.120369,37.67361,24.00897,22.873264,51.275635,4.102051,51.308002,39.82,40.0,50.29,50.0,40.55,40.0,3.429109
2024-08-13 05:41:20,23.676361,26.518341,21.279266,47.15278,-15.0,-15.381947,-13.382523,-15.902779,-14.120369,37.67361,23.58941,23.119213,51.330566,4.1064453,51.308002,39.88,40.0,50.29,50.0,40.55,40.0,3.5770397
2024-08-13 05:41:21,23.740234,26.263,21.215332,47.16435,-15.0,-15.381947,-13.382523,-15.902779,-14.120369,37.76765,23.292824,23.596643,51.293945,4.1035156,51.308002,39.93,40.0,50.29,50.0,40.55,40.0,3.5474539
2024-08-13 05:41:22,23.64441,26.103394,21.151367,47.15278,-15.0,-15.381947,-13.382523,-15.902779,-14.120369,37.67361,23.090277,23.49537,51.31836,4.1054688,51.308002,40.05,40.0,50.18,50.0,40.55,40.0,3.4586954
2024-08-13 05:41:23,23.64441,26.135315,21.279266,47.21065,-15.0,-15.410881,-13.382523,-15.931713,-14.120369,37.67361,23.813658,23.292824,51.30005,4.104004,51.308002,40.05,40.0,50.18,50.0,40.5,40.0,3.5474539
2024-08-13 05:41:24,23.676361,26.167236,21.343231,47.141205,-15.0,-15.381947,-13.382523,-15.931713,-14.120369,37.76765,23.191551,23.596643,51.30005,4.104004,51.308002,40.05,40.0,50.29,50.0,40.44,40.0,3.6066265
2024-08-13 05:41:25,23.64441,26.23108,21.247284,47.1875,-15.0,-15.410881,-13.382523,-15.931713,-14.120369,37.695312,23.191551,23.777489,51.306152,4.104492,51.308002,40.05,40.0,50.23,50.0,40.33,40.0,3.4882812
2024-08-13 05:41:26,23.548553,25.975677,21.18335,47.1875,-15.0,-15.410881,-13.382523,-15.931713,-14.105904,37.67361,23.22772,23.292824,51.275635,4.102051,51.308002,40.1,40.0,50.23,50.0,40.22,40.0,3.5474539
2024-08-13 05:41:27,23.612457,26.03955,21.18335,47.1875,-15.0,-15.410881,-13.382523,-15.931713,-14.105904,37.774883,23.791956,23.097511,51.31836,4.1054688,51.308002,40.05,40.0,50.18,50.0,40.1,40.0,3.5474539
2024-08-13 05:41:28,23.612457,26.071472,21.119385,47.16435,-15.0,-15.410881,-13.382523,-15.931713,-14.105904,37.774883,23.394098,23.292824,51.257324,4.100586,51.308002,39.93,40.0,50.18,50.0,40.1,40.0,3.3995228
2024-08-13 05:41:29,23.676361,26.23108,21.311249,47.22222,-15.0,-15.410881,-13.382523,-15.931713,-14.105904,37.67361,22.989004,23.292824,51.361084,4.1088867,51.308002,40.1,40.0,50.18,50.0,39.88,40.0,3.517868
2024-08-13 05:41:30,23.676361,26.135315,21.215332,47.16435,-15.0,-15.410881,-13.382523,-15.931713,-14.105904,37.67361,23.690683,23.191551,51.28784,4.1030273,51.308002,40.1,40.0,50.29,50.0,39.82,40.0,3.5770397
2024-08-13 05:41:31,23.64441,26.071472,21.18335,47.26852,-15.0,-15.410881,-13.382523,-15.931713,-14.105904,37.774883,23.394098,22.902199,51.324463,4.105957,51.308002,40.1,40.0,50.23,50.0,39.77,40.0,3.4586954
2024-08-13 05:41:32,23.580505,25.943787,21.151367,47.30324,-15.0,-15.410881,-13.382523,-15.960648,-14.105904,37.666378,23.488136,23.488136,51.306152,4.104492,51.308002,39.93,40.0,50.29,50.0,39.77,40.0,3.4882812
2024-08-13 05:41:33,23.580505,25.975677,21.247284,47.22222,-15.0,-15.410881,-13.382523,-15.960648,-14.105904,37.67361,23.488136,23.791956,51.306152,4.104492,51.308002,40.1,40.0,50.23,50.0,39.71,40.0,3.5770397
2024-08-13 05:41:34,23.580505,26.901337,21.18335,47.26852,-15.0,-15.410881,-13.382523,-15.960648,-14.105904,37.774883,24.414062,23.386864,51.312256,4.1049805,51.308002,40.1,40.0,50.18,50.0,39.77,40.0,3.517868
2024-08-13 05:41:35,23.580505,26.135315,21.247284,47.1875,-15.0,-15.410881,-13.382523,-15.960648,-14.105904,37.67361,24.493635,23.37963,51.28784,4.1030273,51.308002,40.05,40.0,50.23,50.0,39.71,40.0,3.4586954
2024-08-13 05:41:36,23.548553,25.656433,21.151367,47.199074,-15.0,-15.410881,-13.382523,-15.960648,-14.0914345,37.67361,23.386864,23.28559,51.330566,4.1064453,51.308002,40.1,40.0,50.23,50.0,39.71,40.0,3.5474539
2024-08-13 05:41:37,23.420776,25.656433,21.18335,47.256947,-15.0,-15.4398155,-13.382523,-15.960648,-14.105904,37.883392,22.612848,22.996239,51.26953,4.1015625,51.308002,40.16,40.0,50.23,50.0,39.71,40.0,3.517868
2024-08-13 05:41:38,23.452728,25.464905,21.18335,47.291664,-15.0,-15.4398155,-13.396992,-15.960648,-14.105904,37.67361,23.690683,23.097511,51.31836,4.1054688,51.308002,40.16,40.0,50.29,50.0,39.71,40.0,3.4586954
2024-08-13 05:41:39,23.64441,26.709839,21.151367,47.26852,-15.0,-15.4398155,-13.382523,-15.960648,-14.105904,37.67361,23.213253,23.394098,51.28784,4.1030273,51.308002,40.16,40.0,50.18,50.0,39.77,40.0,3.5770397
2024-08-13 05:41:40,23.548553,26.199127,21.279266,47.233795,-15.0,-15.4398155,-13.382523,-15.960648,-14.105904,37.774883,23.488136,23.53154,51.330566,4.1064453,51.308002,40.16,40.0,50.29,50.0,39.77,40.0,3.517868
2024-08-13 05:41:41,23.452728,25.241394,21.247284,47.21065,-15.0,-15.4398155,-13.396992,-15.960648,-14.105904,37.774883,23.191551,23.79919,51.257324,4.100586,51.308002,40.1,40.0,50.23,50.0,39.77,40.0,3.429109
2024-08-13 05:41:42,23.516632,25.720306,21.151367,47.256947,-15.0,-15.4398155,-13.396992,-15.960648,-14.105904,37.67361,24.269386,23.690683,51.312256,4.1049805,51.308002,40.16,40.0,50.23,50.0,39.71,40.0,3.6066265
2024-08-13 05:41:43,23.548553,28.751709,21.279266,47.15278,-15.0,-15.410881,-13.396992,-15.960648,-14.105904,37.76765,24.117477,23.900463,51.28784,4.1030273,51.308002,40.16,40.0,50.23,50.0,39.77,40.0,3.5770397
2024-08-13 05:41:44,23.48468,29.325775,21.119385,47.256947,-15.0,-15.410881,-13.396992,-15.960648,-14.105904,37.774883,23.791956,23.885996,51.30005,4.104004,51.308002,40.1,40.0,50.29,50.0,39.77,40.0,3.4882812
2024-08-13 05:41:45,24.76239,37.93109,21.311249,47.1875,-15.0,-15.410881,-13.396992,-15.960648,-14.105904,37.774883,23.394098,23.394098,51.330566,4.1064453,51.308002,40.22,40.0,50.23,50.0,39.77,40.0,3.5474539
2024-08-13 05:41:46,25.17752,42.20105,21.375214,47.15278,-15.0,-15.410881,-13.396992,-15.960648,-14.105904,37.774883,23.79919,23.061342,51.30005,4.104004,51.308002,40.22,40.0,50.23,50.0,39.82,40.0,3.5770397
2024-08-13 05:41:47,28.209503,43.596985,21.247284,47.175926,-15.0,-15.410881,-13.396992,-15.960648,-14.105904,37.774883,22.815393,22.902199,51.324463,4.105957,51.308002,40.16,40.0,50.23,50.0,39.82,40.0,3.429109
2024-08-13 05:41:48,23.612457,25.879913,21.18335,47.21065,-15.0,-15.410881,-13.411461,-15.960648,-14.105904,37.67361,22.815393,23.097511,51.26953,4.1015625,51.308002,40.22,40.0,50.23,50.0,39.82,40.0,3.4882812
2024-08-13 05:41:49,23.580505,26.135315,21.247284,47.15278,-15.0,-15.410881,-13.411461,-15.960648,-14.120369,37.774883,23.58941,22.967302,51.330566,4.1064453,51.308002,40.22,40.0,50.23,50.0,39.88,40.0,3.5474539
2024-08-13 05:41:50,23.516632,25.496796,21.151367,47.15278,-15.0,-15.410881,-13.411461,-15.960648,-14.120369,37.76765,23.89323,22.902199,51.257324,4.100586,51.308002,40.22,40.0,50.18,50.0,39.88,40.0,3.429109
2024-08-13 05:41:51,23.420776,25.081726,21.215332,47.24537,-15.0,-15.410881,-13.411461,-15.960648,-14.105904,37.67361,24.00897,23.292824,51.330566,4.1064453,51.308002,40.1,40.0,50.23,50.0,39.88,40.0,3.517868
2024-08-13 05:41:52,23.48468,25.464905,21.279266,47.233795,-15.0,-15.4398155,-13.411461,-15.960648,-14.120369,37.76765,23.292824,23.806423,51.28784,4.1030273,51.308002,40.27,40.0,50.18,50.0,39.93,40.0,3.5770397
2024-08-13 05:41:53,23.64441,26.518341,21.18335,47.256947,-15.0,-15.4398155,-13.411461,-15.960648,-14.120369,37.774883,24.00897,23.292824,51.324463,4.105957,51.308002,40.22,40.0,50.23,50.0,39.93,40.0,3.4882812
2024-08-13 05:41:54,23.931946,31.833069,21.598999,47.21065,-15.0,-15.410881,-13.411461,-15.960648,-14.120369,37.67361,23.791956,23.097511,51.30005,4.104004,51.308002,40.27,40.0,50.23,50.0,39.93,40.0,3.517868
2024-08-13 05:41:55,26.901337,39.27182,22.014587,47.16435,-15.0,-15.4398155,-13.411461,-15.960648,-14.120369,37.774883,23.292824,23.34346,51.312256,4.1049805,51.308002,40.27,40.0,50.18,50.0,40.05,40.0,3.517868
2024-08-13 05:41:56,31.044525,43.46277,21.407166,47.1875,-15.0,-15.4398155,-13.411461,-15.960648,-14.120369,37.883392,23.28559,23.82089,51.30005,4.104004,51.308002,40.22,40.0,50.23,50.0,40.05,40.0,3.517868
2024-08-13 05:41:57,23.580505,25.464905,21.18335,47.256947,-15.0,-15.4398155,-13.411461,-15.960648,-14.120369,37.774883,24.110243,23.596643,51.275635,4.102051,51.308002,40.27,40.0,50.18,50.0,40.05,40.0,3.4586954
2024-08-13 05:41:58,23.580505,25.17752,21.215332,47.233795,-15.0,-15.4398155,-13.425926,-15.960648,-14.120369,37.73148,24.00897,23.097511,51.306152,4.104492,51.308002,40.22,40.0,50.23,50.0,40.1,40.0,3.517868
2024-08-13 05:41:59,23.548553,25.113678,21.18335,47.233795,-15.0,-15.410881,-13.411461,-15.960648,-14.120369,37.83999,23.89323,23.394098,51.26953,4.1015625,51.308002,40.22,40.0,50.23,50.0,40.1,40.0,3.517868
2024-08-13 05:42:00,23.452728,25.975677,21.18335,47.1875,-15.0,-15.4398155,-13.425926,-15.960648,-14.120369,37.774883,22.894964,23.191551,51.324463,4.105957,51.308002,40.27,40.0,50.18,50.0,40.1,40.0,3.429109
2024-08-13 05:42:01,23.612457,26.773682,21.215332,47.21065,-15.0,-15.410881,-13.425926,-15.960648,-14.120369,37.774883,23.683449,23.394098,51.293945,4.1035156,51.308002,40.27,40.0,50.18,50.0,40.1,40.0,3.5770397
2024-08-13 05:42:02,23.548553,25.720306,21.18335,47.16435,-15.0,-15.410881,-13.425926,-15.960648,-14.120369,37.883392,23.582176,23.097511,51.324463,4.105957,51.308002,40.27,40.0,50.18,50.0,40.1,40.0,3.517868
2024-08-13 05:42:03,23.48468,26.199127,21.18335,47.26852,-15.0,-15.4398155,-13.425926,-15.960648,-14.120369,37.883392,23.89323,23.596643,51.275635,4.102051,51.308002,40.27,40.0,50.18,50.0,40.22,40.0,3.4586954
2024-08-13 05:42:04,27.316162,38.776367,22.49408,47.199074,-15.0,-15.410881,-13.425926,-15.960648,-14.120369,37.774883,23.58941,23.791956,51.312256,4.1049805,51.308002,40.33,40.0,50.23,50.0,40.16,40.0,3.5474539
2024-08-13 05:42:05,28.719849,42.925903,21.886719,47.175926,-15.0,-15.410881,-13.425926,-15.960648,-14.120369,37.883392,24.110243,23.488136,51.293945,4.1035156,51.308002,40.33,40.0,50.18,50.0,40.16,40.0,3.5770397
2024-08-13 05:42:06,28.815521,41.55664,21.886719,47.26852,-15.0,-15.410881,-13.425926,-15.960648,-14.120369,37.774883,23.885996,23.488136,51.28174,4.102539,51.308002,40.27,40.0,50.23,50.0,40.16,40.0,3.4586954
2024-08-13 05:42:07,31.570251,44.83139,21.375214,47.22222,-15.0,-15.410881,-13.425926,-15.960648,-14.120369,37.76765,22.887732,23.292824,51.324463,4.105957,51.308002,40.33,40.0,50.18,50.0,40.22,40.0,3.5474539
2024-08-13 05:42:08,24.219421,43.16751,21.279266,47.15278,-15.0,-15.410881,-13.425926,-15.960648,-14.134838,37.883392,22.786457,22.800926,51.293945,4.1035156,51.308002,40.27,40.0,50.18,50.0,40.22,40.0,3.5474539
2024-08-13 05:42:09,23.48468,24.95401,21.247284,47.28009,-15.0,-15.4398155,-13.425926,-15.960648,-14.134838,37.883392,23.488136,22.902199,51.330566,4.1064453,51.308002,40.33,40.0,50.23,50.0,40.22,40.0,3.517868
2024-08-13 05:42:10,23.516632,26.199127,21.087402,47.256947,-15.0,-15.4398155,-13.425926,-15.960648,-14.134838,37.774883,23.191551,23.292824,51.28174,4.102539,51.308002,40.33,40.0,50.23,50.0,40.27,40.0,3.6066265
2024-08-13 05:42:11,23.48468,25.464905,21.215332,47.28009,-15.0,-15.4398155,-13.425926,-15.960648,-14.120369,37.883392,23.292824,23.596643,51.330566,4.1064453,51.308002,40.33,40.0,50.23,50.0,40.22,40.0,3.6657991
2024-08-13 05:42:12,23.516632,25.36908,21.151367,47.233795,-15.0,-15.4398155,-13.425926,-15.960648,-14.120369,37.883392,23.394098,23.842592,51.25122,4.1000977,51.308002,40.44,40.0,50.23,50.0,40.22,40.0,3.517868
2024-08-13 05:42:13,23.548553,25.081726,21.343231,47.34954,-15.0,-15.4398155,-13.425926,-15.960648,-14.120369,37.774883,24.31279,23.191551,51.324463,4.105957,51.308002,40.33,40.0,50.23,50.0,40.22,40.0,3.5474539
2024-08-13 05:42:14,23.516632,25.879913,21.279266,47.26852,-15.0,-15.4398155,-13.425926,-15.960648,-14.120369,37.774883,24.305555,23.76302,51.28784,4.1030273,51.308002,40.44,40.0,50.18,50.0,40.27,40.0,3.5770397
2024-08-13 05:42:15,23.708282,26.23108,21.215332,47.233795,-15.0,-15.4398155,-13.411461,-15.960648,-14.120369,37.890625,22.887732,23.097511,51.312256,4.1049805,51.308002,40.33,40.0,50.18,50.0,40.27,40.0,3.5770397
2024-08-13 05:42:16,23.580505,26.965149,21.215332,47.26852,-15.0,-15.4398155,-13.425926,-15.960648,-14.134838,37.774883,23.28559,22.395832,51.31836,4.1054688,51.308002,40.44,40.0,50.23,50.0,40.27,40.0,3.5474539
2024-08-13 05:42:17,23.580505,25.81607,21.279266,47.26852,-15.0,-15.410881,-13.425926,-15.960648,-14.134838,37.774883,23.292824,22.099247,51.30005,4.104004,51.308002,40.33,40.0,50.23,50.0,40.27,40.0,3.6066265
2024-08-13 05:42:18,23.548553,25.464905,21.311249,47.26852,-15.0,-15.4398155,-13.425926,-15.960648,-14.134838,37.883392,22.989004,22.902199,51.324463,4.105957,51.308002,40.5,40.0,50.18,50.0,40.27,40.0,3.5770397
2024-08-13 05:42:19,23.516632,25.36908,21.311249,47.32639,-15.0,-15.410881,-13.425926,-15.960648,-14.134838,37.774883,23.488136,23.61111,51.28174,4.102539,51.308002,40.44,40.0,50.23,50.0,40.44,40.0,3.517868
2024-08-13 05:42:20,23.580505,25.560669,21.375214,47.233795,-15.0,-15.410881,-13.411461,-15.960648,-14.134838,37.774883,24.414062,23.292824,51.312256,4.1049805,51.308002,40.44,40.0,50.18,50.0,40.27,40.0,3.6362123
2024-08-13 05:42:21,23.64441,27.316162,21.311249,47.233795,-15.0,-15.410881,-13.425926,-15.960648,-14.134838,37.883392,24.710648,23.690683,51.263428,4.101074,51.308002,40.44,40.0,50.23,50.0,40.33,40.0,3.6066265
2024-08-13 05:42:22,23.452728,25.017853,21.215332,47.41898,-15.0,-15.410881,-13.425926,-15.960648,-14.134838,37.76765,23.791956,23.83536,51.312256,4.1049805,51.308002,40.5,40.0,50.23,50.0,40.33,40.0,3.517868
2024-08-13 05:42:23,23.48468,25.337158,21.247284,47.33796,-15.0,-15.410881,-13.425926,-15.960648,-14.134838,37.774883,23.155382,23.292824,51.28174,4.102539,51.308002,40.5,40.0,50.23,50.0,40.33,40.0,3.6066265
2024-08-13 05:42:24,23.452728,25.624542,21.18335,47.28009,-15.0,-15.410881,-13.425926,-15.960648,-14.134838,37.890625,23.394098,22.996239,51.342773,4.107422,51.308002,40.5,40.0,50.18,50.0,40.33,40.0,3.6362123
2024-08-13 05:42:25,23.356873,25.209442,21.151367,47.26852,-15.0,-15.410881,-13.425926,-15.931713,-14.134838,37.774883,22.815393,22.424768,51.293945,4.1035156,51.308002,40.44,40.0,50.23,50.0,40.33,40.0,3.4882812
2024-08-13 05:42:26,23.32492,25.209442,21.055481,47.372684,-15.0,-15.410881,-13.425926,-15.931713,-14.134838,37.774883,23.191551,23.07581,51.312256,4.1049805,51.308002,40.44,40.0,50.18,50.0,40.33,40.0,3.5474539
2024-08-13 05:42:27,23.388794,24.9859,21.18335,47.24537,-15.0,-15.410881,-13.425926,-15.931713,-14.134838,37.883392,22.887732,23.596643,51.31836,4.1054688,51.308002,40.44,40.0,50.23,50.0,40.44,40.0,3.6066265
2024-08-13 05:42:28,23.48468,26.103394,21.247284,47.38426,-15.0,-15.410881,-13.425926,-15.931713,-14.134838,37.774883,24.414062,23.292824,51.26953,4.1015625,51.308002,40.5,40.0,50.23,50.0,40.44,40.0,3.517868
2024-08-13 05:42:29,23.580505,25.752228,21.247284,47.34954,-15.0,-15.410881,-13.425926,-15.931713,-14.134838,37.67361,24.385128,23.690683,51.324463,4.105957,51.308002,40.55,40.0,50.18,50.0,40.5,40.0,3.5770397
2024-08-13 05:42:30,23.516632,26.103394,21.247284,47.175926,-15.0,-15.410881,-13.425926,-15.931713,-14.134838,37.76765,23.502605,23.58941,51.275635,4.102051,51.308002,40.5,40.0,50.18,50.0,40.44,40.0,3.6066265
2024-08-13 05:42:31,23.548553,28.40091,21.279266,47.141205,-15.0,-15.410881,-13.425926,-15.931713,-14.134838,37.883392,22.902199,23.690683,51.330566,4.1064453,51.308002,40.5,40.0,50.18,50.0,40.5,40.0,3.517868
2024-08-13 05:42:32,23.420776,25.113678,21.151367,47.175926,-15.0,-15.410881,-13.425926,-15.931713,-14.134838,37.67361,23.58941,23.191551,51.28784,4.1030273,51.308002,40.55,40.0,50.23,50.0,40.5,40.0,3.5770397
2024-08-13 05:42:33,23.388794,26.933228,21.119385,47.01389,-15.0,-15.410881,-13.425926,-15.931713,-14.134838,37.774883,22.989004,22.902199,51.348877,4.10791,51.308002,40.55,40.0,50.23,50.0,40.5,40.0,3.5770397
2024-08-13 05:42:34,23.420776,26.294922,21.215332,47.26852,-15.0,-15.410881,-13.425926,-15.931713,-14.134838,37.883392,23.090277,23.061342,51.30005,4.104004,51.308002,40.55,40.0,50.18,50.0,40.5,40.0,3.517868
2024-08-13 05:42:35,23.48468,26.74176,21.18335,47.118053,-15.0,-15.410881,-13.425926,-15.931713,-14.134838,37.76765,23.083044,22.902199,51.312256,4.1049805,51.308002,40.5,40.0,50.23,50.0,40.5,40.0,3.517868
2024-08-13 05:42:36,23.388794,24.9859,21.087402,47.09491,-15.0,-15.410881,-13.425926,-15.931713,-14.134838,37.774883,24.00897,22.395832,51.293945,4.1035156,51.308002,40.55,40.0,50.23,50.0,40.55,40.0,3.5474539
2024-08-13 05:42:37,23.420776,25.401031,21.247284,47.291664,-15.0,-15.410881,-13.425926,-15.931713,-14.134838,37.890625,24.117477,23.49537,51.30005,4.104004,51.308002,40.5,40.0,50.18,50.0,40.55,40.0,3.6066265
2024-08-13 05:42:38,23.676361,26.805573,21.311249,47.291664,-15.0,-15.381947,-13.425926,-15.931713,-14.134838,37.695312,23.394098,23.596643,51.312256,4.1049805,51.308002,40.61,40.0,50.18,50.0,40.5,40.0,3.517868
2024-08-13 05:42:39,26.869415,40.02942,22.142456,47.314816,-15.0,-15.381947,-13.411461,-15.931713,-14.134838,37.774883,23.690683,23.596643,51.306152,4.104492,51.308002,40.61,40.0,50.23,50.0,40.5,40.0,3.5474539
2024-08-13 05:42:40,32.358673,44.61676,21.4711,47.22222,-15.0,-15.381947,-13.411461,-15.902779,-14.134838,37.883392,24.016203,22.9239,51.324463,4.105957,51.308002,40.61,40.0,50.23,50.0,40.55,40.0,3.5474539
2024-08-13 05:42:41,25.911865,43.355408,21.215332,47.256947,-15.0,-15.381947,-13.411461,-15.902779,-14.134838,37.774883,23.090277,23.191551,51.26953,4.1015625,51.308002,40.55,40.0,50.23,50.0,40.55,40.0,3.429109
2024-08-13 05:42:42,23.452728,27.890472,21.151367,47.33796,-15.0,-15.381947,-13.411461,-15.902779,-14.120369,37.774883,22.410301,22.909433,51.33667,4.1069336,51.308002,40.61,40.0,50.18,50.0,40.55,40.0,3.6066265
2024-08-13 05:42:43,23.548553,25.688385,21.18335,47.26852,-15.0,-15.381947,-13.411461,-15.902779,-14.120369,37.883392,22.82986,22.497107,51.275635,4.102051,51.308002,40.55,40.0,50.18,50.0,40.55,40.0,3.5770397
2024-08-13 05:42:44,23.548553,26.167236,21.18335,47.26852,-15.0,-15.381947,-13.411461,-15.902779,-14.120369,37.883392,23.690683,22.497107,51.306152,4.104492,51.308002,40.5,40.0,50.23,50.0,40.55,40.0,3.4586954
2024-08-13 05:42:45,23.420776,25.305267,21.151367,47.291664,-15.0,-15.381947,-13.411461,-15.902779,-14.120369,37.774883,23.690683,23.300058,51.28784,4.1030273,51.308002,40.44,40.0,50.23,50.0,40.5,40.0,3.5474539
2024-08-13 05:42:46,23.420776,25.113678,21.087402,47.24537,-15.0,-15.381947,-13.411461,-15.902779,-14.120369,37.883392,23.292824,23.596643,51.324463,4.105957,51.308002,40.27,40.0,50.23,50.0,40.5,40.0,3.5770397
2024-08-13 05:42:47,23.420776,25.432983,21.119385,47.16435,-15.0,-15.381947,-13.411461,-15.902779,-14.120369,37.890625,23.74132,23.49537,51.28784,4.1030273,51.308002,40.27,40.0,50.18,50.0,40.33,40.0,3.517868
2024-08-13 05:42:48,23.452728,25.081726,21.18335,47.21065,-15.0,-15.381947,-13.411461,-15.902779,-14.120369,37.680843,23.350695,22.916668,51.324463,4.105957,51.308002,40.22,40.0,50.18,50.0,40.27,40.0,3.5474539
2024-08-13 05:42:49,23.452728,26.518341,21.087402,47.256947,-15.0,-15.381947,-13.396992,-15.902779,-14.120369,37.883392,23.386864,23.58941,51.312256,4.1049805,51.308002,40.05,40.0,50.23,50.0,40.22,40.0,3.5474539
2024-08-13 05:42:50,23.32492,24.922058,21.119385,47.256947,-15.0,-15.381947,-13.396992,-15.902779,-14.120369,37.890625,23.191551,23.292824,51.28174,4.102539,51.308002,39.88,40.0,50.23,50.0,40.16,40.0,3.517868
2024-08-13 05:42:51,23.356873,25.305267,21.087402,47.21065,-15.0,-15.381947,-13.411461,-15.902779,-14.120369,37.774883,23.690683,22.793692,51.330566,4.1064453,51.308002,39.82,40.0,50.18,50.0,39.93,40.0,3.5770397
2024-08-13 05:42:52,23.388794,25.305267,21.119385,47.141205,-15.0,-15.381947,-13.411461,-15.902779,-14.120369,37.76765,23.640047,22.894964,51.275635,4.102051,51.308002,39.71,40.0,50.23,50.0,39.88,40.0,3.5770397
2024-08-13 05:42:53,23.452728,25.209442,21.247284,47.15278,-15.0,-15.381947,-13.396992,-15.902779,-14.120369,37.883392,23.090277,23.07581,51.31836,4.1054688,51.308002,39.6,40.0,50.23,50.0,39.93,40.0,3.517868
2024-08-13 05:42:54,23.516632,30.781586,21.18335,47.22222,-15.0,-15.381947,-13.396992,-15.902779,-14.120369,37.666378,22.71412,23.292824,51.26953,4.1015625,51.308002,39.54,40.0,50.23,50.0,39.88,40.0,3.517868
2024-08-13 05:42:55,23.420776,29.261993,21.119385,47.141205,-15.0,-15.381947,-13.396992,-15.902779,-14.120369,37.774883,23.488136,23.177082,51.324463,4.105957,51.308002,39.49,40.0,50.23,50.0,39.77,40.0,3.5770397
2024-08-13 05:42:56,23.48468,27.730957,21.18335,47.175926,-15.0,-15.381947,-13.396992,-15.902779,-14.120369,37.883392,23.292824,22.800926,51.30005,4.104004,51.308002,39.54,40.0,50.23,50.0,39.77,40.0,3.517868
2024-08-13 05:42:57,23.516632,25.59262,21.18335,47.22222,-15.0,-15.381947,-13.411461,-15.902779,-14.120369,37.774883,23.292824,23.394098,51.312256,4.1049805,51.308002,39.43,40.0,50.23,50.0,39.77,40.0,3.517868
2024-08-13 05:42:58,23.612457,27.28424,21.215332,47.118053,-15.0,-15.381947,-13.396992,-15.902779,-14.120369,37.67361,23.083044,23.55324,51.312256,4.1049805,51.308002,39.49,40.0,50.18,50.0,39.82,40.0,3.5474539
2024-08-13 05:42:59,23.580505,27.124695,21.215332,47.141205,-15.0,-15.381947,-13.396992,-15.902779,-14.120369,37.76765,24.508102,23.386864,51.28784,4.1030273,51.308002,39.43,40.0,50.23,50.0,39.77,40.0,3.5474539
2024-08-13 05:43:00,23.48468,27.028961,21.151367,47.21065,-15.0,-15.381947,-13.396992,-15.902779,-14.120369,37.774883,24.00897,23.712385,51.28784,4.1030273,51.308002,39.43,40.0,50.23,50.0,39.77,40.0,3.429109
2024-08-13 05:43:01,23.676361,31.833069,21.375214,47.15278,-15.0,-15.381947,-13.396992,-15.902779,-14.120369,37.67361,23.11198,23.292824,51.293945,4.1035156,51.308002,39.49,40.0,50.23,50.0,39.82,40.0,3.5770397
2024-08-13 05:43:02,23.804169,30.460266,21.407166,47.15278,-15.0,-15.381947,-13.396992,-15.902779,-14.120369,37.774883,22.71412,23.104746,51.312256,4.1049805,51.308002,39.49,40.0,50.23,50.0,39.77,40.0,3.5474539
2024-08-13 05:43:03,28.273285,39.21353,22.717743,47.233795,-15.0,-15.381947,-13.396992,-15.902779,-14.105904,37.774883,23.191551,22.699652,51.28174,4.102539,51.308002,39.49,40.0,50.18,50.0,39.82,40.0,3.429109
2024-08-13 05:43:04,34.401947,42.281616,22.717743,47.16435,-15.0,-15.381947,-13.396992,-15.902779,-14.105904,37.67361,23.090277,23.292824,51.35498,4.1083984,51.308002,39.49,40.0,50.18,50.0,39.82,40.0,3.5474539
2024-08-13 05:43:05,33.52643,43.78485,21.630981,47.15278,-15.0,-15.381947,-13.396992,-15.902779,-14.105904,37.774883,23.191551,23.770254,51.293945,4.1035156,51.308002,39.54,40.0,50.23,50.0,39.82,40.0,3.6066265
2024-08-13 05:43:06,23.772186,40.233368,21.311249,47.233795,-15.0,-15.381947,-13.396992,-15.902779,-14.105904,37.854458,23.213253,23.49537,51.31836,4.1054688,51.308002,39.43,40.0,50.23,50.0,39.82,40.0,3.4882812
2024-08-13 05:43:07,23.548553,26.805573,21.279266,47.24537,-15.0,-15.381947,-13.396992,-15.902779,-14.105904,37.774883,24.211515,23.47367,51.293945,4.1035156,51.308002,39.49,40.0,50.18,50.0,39.88,40.0,3.517868
2024-08-13 05:43:08,24.02774,27.156616,21.567017,47.16435,-15.0,-15.381947,-13.396992,-15.902779,-14.105904,37.774883,23.89323,23.49537,51.306152,4.104492,51.308002,39.54,40.0,50.18,50.0,39.82,40.0,3.5474539
2024-08-13 05:43:09,29.549011,44.858276,22.078522,47.22222,-15.0,-15.381947,-13.396992,-15.902779,-14.105904,37.883392,23.28559,23.885996,51.28784,4.1030273,51.308002,39.6,40.0,50.23,50.0,39.93,40.0,3.429109
2024-08-13 05:43:10,31.745453,45.663086,21.4711,47.33796,-15.0,-15.381947,-13.396992,-15.902779,-14.105904,37.774883,23.58941,22.996239,51.26953,4.1015625,51.308002,39.54,40.0,50.18,50.0,39.93,40.0,3.5770397
2024-08-13 05:43:11,23.612457,28.241394,21.215332,47.199074,-15.0,-15.381947,-13.396992,-15.902779,-14.105904,37.890625,22.71412,22.497107,51.33667,4.1069336,51.308002,39.6,40.0,50.18,50.0,40.05,40.0,3.5474539
2024-08-13 05:43:12,23.548553,28.40091,21.18335,47.22222,-15.0,-15.381947,-13.396992,-15.902779,-14.105904,37.883392,22.77199,23.003473,51.275635,4.102051,51.308002,39.6,40.0,50.18,50.0,39.93,40.0,3.517868
2024-08-13 05:43:13,27.858582,41.046387,22.65384,47.291664,-15.0,-15.381947,-13.396992,-15.902779,-14.105904,37.774883,22.815393,23.003473,51.330566,4.1064453,51.308002,39.6,40.0,50.23,50.0,39.93,40.0,3.4882812
2024-08-13 05:43:14,31.482635,41.31494,21.982635,47.26852,-15.0,-15.381947,-13.396992,-15.902779,-14.105904,37.774883,24.001736,23.415798,51.293945,4.1035156,51.308002,39.54,40.0,50.23,50.0,39.93,40.0,3.5770397
2024-08-13 05:43:15,30.154785,43.865387,21.439148,47.22222,-15.0,-15.381947,-13.396992,-15.902779,-14.105904,37.883392,24.153645,23.596643,51.306152,4.104492,51.308002,39.77,40.0,50.23,50.0,40.05,40.0,3.517868
2024-08-13 05:43:16,23.772186,37.435455,21.311249,47.291664,-15.0,-15.410881,-13.396992,-15.931713,-14.105904,37.774883,24.016203,23.791956,51.26953,4.1015625,51.308002,39.71,40.0,50.23,50.0,40.1,40.0,3.517868
2024-08-13 05:43:17,23.676361,26.422607,21.311249,47.26852,-15.0,-15.410881,-13.396992,-15.931713,-14.105904,37.774883,23.191551,24.052372,51.324463,4.105957,51.308002,39.82,40.0,50.18,50.0,40.1,40.0,3.5474539
2024-08-13 05:43:18,23.708282,26.422607,21.279266,47.30324,-15.0,-15.410881,-13.396992,-15.931713,-14.105904,37.984665,23.394098,22.822628,51.293945,4.1035156,51.308002,39.77,40.0,50.18,50.0,40.1,40.0,3.517868
2024-08-13 05:43:19,26.294922,37.08557,22.685822,47.33796,-15.0,-15.410881,-13.396992,-15.931713,-14.105904,37.883392,22.706886,22.316261,51.30005,4.104004,51.308002,39.77,40.0,50.23,50.0,40.16,40.0,3.517868
2024-08-13 05:43:20,27.220428,41.0195,21.630981,47.26852,-15.0,-15.410881,-13.396992,-15.931713,-14.105904,37.883392,22.887732,22.996239,51.324463,4.105957,51.308002,39.82,40.0,50.23,50.0,40.22,40.0,3.5474539
2024-08-13 05:43:21,25.688385,39.33014,21.662964,47.256947,-15.0,-15.410881,-13.396992,-15.931713,-14.105904,37.984665,22.844328,23.104746,51.293945,4.1035156,51.308002,39.88,40.0,50.18,50.0,40.16,40.0,3.5474539
2024-08-13 05:43:22,27.954254,39.038696,22.462097,47.32639,-15.0,-15.410881,-13.396992,-15.931713,-14.0914345,37.76765,24.117477,23.206018,51.306152,4.104492,51.308002,39.82,40.0,50.18,50.0,40.22,40.0,3.429109
2024-08-13 05:43:23,29.48523,41.7446,21.375214,47.256947,-15.0,-15.410881,-13.396992,-15.931713,-14.105904,37.774883,24.197048,23.70515,51.26953,4.1015625,51.308002,39.82,40.0,50.23,50.0,40.16,40.0,3.6066265
2024-08-13 05:43:24,23.740234,27.28424,21.279266,47.395836,-15.0,-15.410881,-13.396992,-15.931713,-14.0914345,37.984665,23.625578,23.885996,51.324463,4.105957,51.308002,39.93,40.0,50.18,50.0,40.22,40.0,3.5770397
2024-08-13 05:43:25,26.582184,37.843628,22.334259,47.38426,-15.0,-15.410881,-13.396992,-15.931713,-14.0914345,37.883392,23.249422,23.49537,51.26953,4.1015625,51.308002,39.88,40.0,50.23,50.0,40.22,40.0,3.4586954
2024-08-13 05:43:26,27.380005,43.328583,21.726868,47.36111,-15.0,-15.410881,-13.396992,-15.931713,-14.0914345,37.883392,23.488136,22.996239,51.330566,4.1064453,51.308002,39.93,40.0,50.18,50.0,40.27,40.0,3.5474539
2024-08-13 05:43:27,28.08191,43.355408,21.407166,47.33796,-15.0,-15.410881,-13.396992,-15.931713,-14.105904,37.883392,23.191551,23.292824,51.30005,4.104004,51.308002,39.93,40.0,50.18,50.0,40.33,40.0,3.5770397
2024-08-13 05:43:28,23.580505,25.720306,21.311249,47.372684,-15.0,-15.410881,-13.396992,-15.931713,-14.105904,37.883392,22.894964,23.300058,51.306152,4.104492,51.308002,40.1,40.0,50.18,50.0,40.22,40.0,3.517868
2024-08-13 05:43:29,26.645996,38.92212,22.845612,47.33796,-15.0,-15.410881,-13.411461,-15.931713,-14.0914345,37.883392,23.28559,22.894964,51.324463,4.105957,51.308002,40.05,40.0,50.18,50.0,40.27,40.0,3.5474539
2024-08-13 05:43:30,30.810822,42.925903,22.65384,47.41898,-15.0,-15.410881,-13.411461,-15.931713,-14.0914345,37.883392,23.690683,23.191551,51.306152,4.104492,51.308002,40.05,40.0,50.18,50.0,40.33,40.0,3.5474539
2024-08-13 05:43:31,35.977386,43.489594,22.04654,47.36111,-15.0,-15.410881,-13.411461,-15.931713,-14.105904,37.984665,24.211515,23.690683,51.293945,4.1035156,51.308002,40.16,40.0,50.23,50.0,40.27,40.0,3.517868
2024-08-13 05:43:32,26.263,42.039948,21.407166,47.430553,-15.0,-15.410881,-13.411461,-15.931713,-14.105904,37.774883,23.582176,23.885996,51.28784,4.1030273,51.308002,40.1,40.0,50.18,50.0,40.44,40.0,3.5770397
2024-08-13 05:43:33,23.612457,25.975677,21.279266,47.40741,-15.0,-15.410881,-13.411461,-15.931713,-14.105904,37.883392,23.451967,23.372395,51.324463,4.105957,51.308002,40.16,40.0,50.12,50.0,40.44,40.0,3.5770397
2024-08-13 05:43:34,23.452728,26.454529,21.215332,47.41898,-15.0,-15.410881,-13.411461,-15.931713,-14.105904,37.984665,23.690683,23.488136,51.257324,4.100586,51.308002,40.22,40.0,50.23,50.0,40.33,40.0,3.517868
2024-08-13 05:43:35,23.516632,25.911865,21.247284,47.488426,-15.0,-15.410881,-13.425926,-15.931713,-14.105904,37.883392,23.292824,23.668982,51.33667,4.1069336,51.308002,40.22,40.0,50.18,50.0,40.44,40.0,3.517868
2024-08-13 05:43:36,23.612457,27.730957,21.311249,47.430553,-15.0,-15.410881,-13.425926,-15.931713,-14.105904,37.890625,22.887732,23.488136,51.293945,4.1035156,51.308002,40.1,40.0,50.18,50.0,40.44,40.0,3.5770397
2024-08-13 05:43:37,23.580505,27.603333,21.279266,47.46528,-15.0,-15.410881,-13.425926,-15.931713,-14.105904,37.984665,23.415798,22.800926,51.342773,4.107422,51.308002,40.27,40.0,50.18,50.0,40.44,40.0,3.517868
2024-08-13 05:43:38,23.740234,26.99704,21.311249,47.41898,-15.0,-15.410881,-13.425926,-15.931713,-14.105904,37.883392,23.791956,22.902199,51.263428,4.101074,51.308002,40.27,40.0,50.18,50.0,40.5,40.0,3.517868
2024-08-13 05:43:39,27.794739,39.738037,22.589935,47.47685,-15.0,-15.410881,-13.425926,-15.931713,-14.105904,37.883392,24.016203,23.394098,51.31836,4.1054688,51.308002,40.22,40.0,50.18,50.0,40.44,40.0,3.5474539
2024-08-13 05:43:40,31.774689,41.529785,22.04654,47.44213,-15.0,-15.410881,-13.425926,-15.931713,-14.105904,37.984665,23.090277,23.871527,51.30005,4.104004,51.308002,40.27,40.0,50.12,50.0,40.44,40.0,3.5474539
2024-08-13 05:43:41,31.774689,42.415863,23.197083,47.430553,-15.0,-15.410881,-13.425926,-15.960648,-14.105904,37.890625,23.37963,23.49537,51.30005,4.104004,51.308002,40.27,40.0,50.18,50.0,40.5,40.0,3.429109
2024-08-13 05:43:42,26.614105,37.901947,22.20636,47.488426,-15.0,-15.410881,-13.425926,-15.960648,-14.120369,37.890625,23.79919,22.894964,51.31836,4.1054688,51.308002,40.27,40.0,50.18,50.0,40.5,40.0,3.5770397
2024-08-13 05:43:43,28.049988,41.153778,21.503082,47.41898,-15.0,-15.410881,-13.425926,-15.960648,-14.105904,37.984665,23.394098,23.791956,51.28174,4.102539,51.308002,40.44,40.0,50.23,50.0,40.5,40.0,3.5474539
2024-08-13 05:43:44,25.624542,37.46463,21.822784,47.395836,-15.0,-15.410881,-13.440395,-15.960648,-14.105904,37.984665,23.386864,23.690683,51.31836,4.1054688,51.308002,40.33,40.0,50.12,50.0,40.5,40.0,3.429109
2024-08-13 05:43:45,26.103394,39.242706,21.662964,47.46528,-15.0,-15.410881,-13.425926,-15.960648,-14.105904,37.883392,23.878761,23.292824,51.28174,4.102539,51.308002,40.33,40.0,50.18,50.0,40.5,40.0,3.5770397
2024-08-13 05:43:46,30.664764,41.85202,21.439148,47.44213,-15.0,-15.410881,-13.425926,-15.960648,-14.120369,37.883392,23.58941,23.097511,51.324463,4.105957,51.308002,40.44,40.0,50.12,50.0,40.5,40.0,3.5770397
2024-08-13 05:43:47,23.676361,26.294922,21.215332,47.52315,-15.0,-15.410881,-13.440395,-15.960648,-14.105904,37.883392,23.394098,23.292824,51.26953,4.1015625,51.308002,40.44,40.0,50.18,50.0,40.55,40.0,3.4882812
2024-08-13 05:43:48,23.516632,24.9859,21.215332,47.52315,-15.0,-15.410881,-13.440395,-15.960648,-14.120369,37.883392,22.71412,23.336227,51.324463,4.105957,51.308002,40.5,40.0,50.23,50.0,40.5,40.0,3.5474539
2024-08-13 05:43:49,23.548553,25.113678,21.311249,47.511574,-15.0,-15.410881,-13.440395,-15.960648,-14.120369,37.883392,23.394098,23.4375,51.30005,4.104004,51.308002,40.5,40.0,50.18,50.0,40.5,40.0,3.5770397
2024-08-13 05:43:50,23.931946,26.677917,21.694916,47.511574,-15.0,-15.410881,-13.440395,-15.960648,-14.120369,37.883392,23.488136,23.314526,51.293945,4.1035156,51.308002,40.5,40.0,50.18,50.0,40.55,40.0,3.517868
2024-08-13 05:43:51,28.368988,42.49637,21.854767,47.58102,-15.0,-15.410881,-13.440395,-15.960648,-14.105904,37.883392,23.58941,23.654514,51.330566,4.1064453,51.308002,40.55,40.0,50.12,50.0,40.55,40.0,3.5770397
2024-08-13 05:43:52,33.059387,43.06012,21.4711,47.40741,-15.0,-15.410881,-13.440395,-15.960648,-14.120369,37.984665,23.488136,23.885996,51.306152,4.104492,51.308002,40.55,40.0,50.12,50.0,40.55,40.0,3.6362123
2024-08-13 05:43:53,25.656433,41.85202,21.215332,47.46528,-15.0,-15.4398155,-13.454861,-15.960648,-14.120369,37.984665,24.110243,23.191551,51.324463,4.105957,51.308002,40.5,40.0,50.18,50.0,40.55,40.0,3.517868
2024-08-13 05:43:54,23.676361,28.751709,21.18335,47.59259,-15.0,-15.4398155,-13.440395,-15.960648,-14.120369,37.883392,23.791956,23.58941,51.26953,4.1015625,51.308002,40.55,40.0,50.12,50.0,40.55,40.0,3.5770397
2024-08-13 05:43:55,23.548553,26.773682,21.119385,47.52315,-15.0,-15.4398155,-13.454861,-15.960648,-14.120369,37.890625,22.634548,23.097511,51.33667,4.1069336,51.308002,40.55,40.0,50.12,50.0,40.55,40.0,3.5770397
2024-08-13 05:43:56,23.548553,25.464905,21.247284,47.5,-15.0,-15.4398155,-13.454861,-15.960648,-14.120369,37.984665,22.518808,22.902199,51.257324,4.100586,51.308002,40.55,40.0,50.18,50.0,40.61,40.0,3.5770397
2024-08-13 05:43:57,23.48468,27.348083,21.151367,47.5,-15.0,-15.4398155,-13.454861,-15.960648,-14.120369,37.890625,23.37963,23.097511,51.324463,4.105957,51.308002,40.55,40.0,50.23,50.0,40.55,40.0,3.5474539
2024-08-13 05:43:58,23.740234,27.316162,21.215332,47.430553,-15.0,-15.4398155,-13.454861,-15.989586,-14.120369,37.883392,23.394098,23.394098,51.26953,4.1015625,51.308002,40.66,40.0,50.12,50.0,40.61,40.0,3.5770397
2024-08-13 05:43:59,29.612762,40.858368,22.557953,47.63889,-15.0,-15.46875,-13.46933,-15.989586,-14.120369,38.09317,23.488136,23.596643,51.33667,4.1069336,51.308002,40.55,40.0,50.18,50.0,40.66,40.0,3.5474539
2024-08-13 05:44:00,34.635406,42.120514,22.238342,47.569447,-15.0,-15.46875,-13.454861,-15.989586,-14.120369,37.905094,24.110243,23.524305,51.30005,4.104004,51.308002,40.61,40.0,50.12,50.0,40.61,40.0,3.517868
2024-08-13 05:44:01,35.889862,42.49637,23.708282,47.627316,-15.0,-15.46875,-13.454861,-15.989586,-14.120369,37.984665,24.016203,23.191551,51.330566,4.1064453,51.308002,40.66,40.0,50.23,50.0,40.61,40.0,3.5474539
2024-08-13 05:44:02,28.592255,41.85202,22.04654,47.627316,-15.0,-15.4976845,-13.454861,-16.01852,-14.120369,37.984665,24.211515,23.683449,51.324463,4.105957,51.308002,40.66,40.0,50.18,50.0,40.55,40.0,3.5474539
2024-08-13 05:44:03,30.664764,42.791718,21.535065,47.569447,-15.0,-15.4976845,-13.454861,-16.01852,-14.120369,37.984665,23.394098,23.213253,51.28174,4.102539,51.308002,40.66,40.0,50.18,50.0,40.5,40.0,3.517868
2024-08-13 05:44:04,23.676361,25.464905,21.343231,47.627316,-15.0,-15.4976845,-13.46933,-16.01852,-14.120369,37.912327,23.386864,22.996239,51.324463,4.105957,51.308002,40.55,40.0,50.12,50.0,40.27,40.0,3.5770397
2024-08-13 05:44:05,23.740234,25.879913,21.407166,47.65046,-15.0,-15.4976845,-13.46933,-16.01852,-14.120369,37.984665,23.292824,22.706886,51.28174,4.102539,51.308002,40.55,40.0,50.18,50.0,40.27,40.0,3.6362123
2024-08-13 05:44:06,23.868042,27.380005,21.343231,47.708336,-15.0,-15.4976845,-13.46933,-16.01852,-14.120369,37.984665,22.989004,23.53154,51.324463,4.105957,51.308002,40.44,40.0,50.18,50.0,40.22,40.0,3.4586954
2024-08-13 05:44:07,23.676361,26.805573,21.375214,47.627316,-15.0,-15.4976845,-13.46933,-16.047455,-14.120369,37.890625,23.191551,23.690683,51.28174,4.102539,51.308002,40.33,40.0,50.12,50.0,40.05,40.0,3.5474539
2024-08-13 05:44:08,24.02774,27.986176,21.4711,47.65046,-15.0,-15.4976845,-13.46933,-16.047455,-14.120369,37.883392,23.596643,23.22772,51.348877,4.10791,51.308002,40.22,40.0,50.12,50.0,40.05,40.0,3.5770397
2024-08-13 05:44:09,26.805573,38.543213,22.04654,47.766205,-15.0,-15.4976845,-13.483795,-16.047455,-14.134838,37.984665,24.348957,23.300058,51.275635,4.102051,51.308002,40.16,40.0,50.18,50.0,39.88,40.0,3.517868
2024-08-13 05:44:10,34.518707,43.489594,22.270325,47.63889,-15.0,-15.526619,-13.483795,-16.047455,-14.134838,37.883392,23.994503,24.081308,51.324463,4.105957,51.308002,40.16,40.0,50.12,50.0,39.77,40.0,3.5770397
2024-08-13 05:44:11,30.869232,41.476044,21.662964,47.63889,-15.0,-15.526619,-13.483795,-16.047455,-14.134838,37.984665,23.28559,23.574942,51.306152,4.104492,51.308002,39.93,40.0,50.12,50.0,39.77,40.0,3.6066265
2024-08-13 05:44:12,30.186676,41.55664,21.567017,47.65046,-15.0,-15.526619,-13.498264,-16.047455,-14.134838,37.984665,23.459202,22.996239,51.293945,4.1035156,51.308002,39.88,40.0,50.18,50.0,39.77,40.0,3.517868
2024-08-13 05:44:13,24.666565,35.335632,22.334259,47.71991,-15.0,-15.526619,-13.498264,-16.047455,-14.149303,37.883392,22.887732,22.29456,51.30005,4.104004,51.308002,39.82,40.0,50.12,50.0,39.77,40.0,3.6066265
2024-08-13 05:44:14,27.667145,40.67035,21.918701,47.66204,-15.0,-15.526619,-13.51273,-16.047455,-14.149303,37.984665,22.989004,23.061342,51.28174,4.102539,51.308002,39.71,40.0,50.18,50.0,39.71,40.0,3.5770397
2024-08-13 05:44:15,31.132141,42.174194,23.452728,47.685184,-15.0,-15.526619,-13.51273,-16.047455,-14.149303,38.09317,22.9239,23.357927,51.324463,4.105957,51.308002,39.6,40.0,50.12,50.0,39.71,40.0,3.517868
2024-08-13 05:44:16,29.676544,43.435944,21.982635,47.63889,-15.0,-15.526619,-13.51273,-16.047455,-14.149303,37.984665,23.89323,23.097511,51.28174,4.102539,51.308002,39.54,40.0,50.12,50.0,39.77,40.0,3.517868
2024-08-13 05:44:17,27.986176,42.684326,21.4711,47.67361,-15.0,-15.526619,-13.51273,-16.047455,-14.149303,37.984665,24.052372,23.37963,51.33667,4.1069336,51.308002,39.54,40.0,50.12,50.0,39.71,40.0,3.5770397
2024-08-13 05:44:18,23.676361,28.974976,21.279266,47.73148,-15.0,-15.526619,-13.51273,-16.047455,-14.163773,38.085938,23.198786,23.488136,51.275635,4.102051,51.308002,39.54,40.0,50.18,50.0,39.71,40.0,3.6066265
2024-08-13 05:44:19,23.708282,26.167236,21.407166,47.71991,-15.0,-15.526619,-13.527199,-16.047455,-14.163773,37.984665,23.242188,23.488136,51.31836,4.1054688,51.308002,39.6,40.0,50.12,50.0,39.71,40.0,3.517868
2024-08-13 05:44:20,23.708282,26.03955,21.215332,47.71991,-15.0,-15.526619,-13.527199,-16.047455,-14.178242,37.984665,23.791956,22.20052,51.28174,4.102539,51.308002,39.54,40.0,50.18,50.0,39.77,40.0,3.5474539
2024-08-13 05:44:21,23.580505,25.049805,21.279266,47.685184,-15.0,-15.526619,-13.527199,-16.047455,-14.178242,38.085938,22.71412,22.793692,51.31836,4.1054688,51.308002,39.6,40.0,50.12,50.0,39.77,40.0,3.5474539
2024-08-13 05:44:22,23.612457,26.199127,21.279266,47.67361,-15.0,-15.526619,-13.541664,-16.047455,-14.192711,37.984665,22.887732,22.497107,51.28174,4.102539,51.308002,39.6,40.0,50.12,50.0,39.82,40.0,3.429109
2024-08-13 05:44:23,23.612457,25.975677,21.311249,47.77778,-15.0,-15.526619,-13.527199,-16.047455,-14.192711,37.984665,22.735823,22.301794,51.312256,4.1049805,51.308002,39.6,40.0,50.18,50.0,39.77,40.0,3.5770397
2024-08-13 05:44:24,23.740234,26.326813,21.247284,47.71991,-15.0,-15.526619,-13.541664,-16.047455,-14.192711,38.085938,24.31279,22.800926,51.31836,4.1054688,51.308002,39.6,40.0,50.18,50.0,39.82,40.0,3.5474539
2024-08-13 05:44:25,23.963867,27.411896,21.630981,47.685184,-15.0,-15.526619,-13.541664,-16.047455,-14.192711,37.984665,23.791956,23.791956,51.28174,4.102539,51.308002,39.6,40.0,50.12,50.0,39.82,40.0,3.4586954
2024-08-13 05:44:26,27.348083,38.018524,22.589935,47.766205,-15.0,-15.526619,-13.541664,-16.047455,-14.192711,37.926792,23.394098,23.444735,51.324463,4.105957,51.308002,39.71,40.0,50.18,50.0,39.82,40.0,3.5770397
2024-08-13 05:44:27,28.273285,42.20105,22.621887,47.743053,-15.0,-15.526619,-13.541664,-16.047455,-14.207176,37.984665,23.748552,23.770254,51.275635,4.102051,51.308002,39.77,40.0,50.12,50.0,39.88,40.0,3.5770397
2024-08-13 05:44:28,29.549011,42.389008,22.621887,47.71991,-15.0,-15.526619,-13.541664,-16.047455,-14.207176,38.09317,23.625578,22.996239,51.312256,4.1049805,51.308002,39.71,40.0,50.12,50.0,39.88,40.0,3.4882812
2024-08-13 05:44:29,29.644653,42.389008,22.685822,47.75463,-15.0,-15.526619,-13.541664,-16.047455,-14.207176,37.984665,22.989004,23.34346,51.275635,4.102051,51.308002,39.6,40.0,50.12,50.0,39.93,40.0,3.5474539
2024-08-13 05:44:30,29.612762,42.49637,22.65384,47.69676,-15.0,-15.526619,-13.541664,-16.047455,-14.207176,37.991898,22.71412,23.191551,51.342773,4.107422,51.308002,39.77,40.0,50.18,50.0,39.93,40.0,3.5474539
2024-08-13 05:44:31,29.676544,42.415863,22.65384,47.78935,-15.0,-15.526619,-13.556133,-16.07639,-14.221645,38.085938,23.480902,22.497107,51.293945,4.1035156,51.308002,39.82,40.0,50.12,50.0,39.93,40.0,3.517868
2024-08-13 05:44:32,29.612762,42.469543,22.65384,47.77778,-15.0,-15.526619,-13.541664,-16.07639,-14.221645,37.984665,23.82089,22.706886,51.33667,4.1069336,51.308002,39.77,40.0,50.18,50.0,40.05,40.0,3.5770397
2024-08-13 05:44:33,29.612762,42.442688,22.589935,47.743053,-15.0,-15.526619,-13.541664,-16.047455,-14.221645,37.984665,23.676214,23.690683,51.312256,4.1049805,51.308002,39.77,40.0,50.18,50.0,40.05,40.0,3.5474539
2024-08-13 05:44:34,29.580872,42.49637,22.65384,47.77778,-15.0,-15.526619,-13.556133,-16.07639,-14.221645,38.085938,23.292824,23.791956,51.28784,4.1030273,51.308002,39.82,40.0,50.12,50.0,40.05,40.0,3.517868
2024-08-13 05:44:35,29.612762,42.49637,22.685822,47.8125,-15.0,-15.526619,-13.556133,-16.07639,-14.221645,37.984665,24.016203,23.791956,51.31836,4.1054688,51.308002,39.82,40.0,50.18,50.0,40.1,40.0,3.517868
2024-08-13 05:44:36,29.549011,42.36212,22.65384,47.766205,-15.0,-15.526619,-13.556133,-16.07639,-14.221645,37.984665,23.37963,22.996239,51.275635,4.102051,51.308002,39.93,40.0,50.12,50.0,40.1,40.0,3.5770397
2024-08-13 05:44:37,29.549011,42.389008,22.557953,47.75463,-15.0,-15.526619,-13.556133,-16.07639,-14.221645,38.085938,23.28559,23.386864,51.330566,4.1064453,51.308002,39.88,40.0,50.18,50.0,40.1,40.0,3.517868
2024-08-13 05:44:38,29.580872,42.30844,22.65384,47.77778,-15.0,-15.526619,-13.556133,-16.07639,-14.236111,37.984665,22.612848,23.58941,51.257324,4.100586,51.308002,40.05,40.0,50.12,50.0,40.22,40.0,3.4882812
2024-08-13 05:44:39,29.580872,42.20105,22.589935,47.77778,-15.0,-15.526619,-13.556133,-16.07639,-14.221645,37.991898,23.61111,22.699652,51.342773,4.107422,51.308002,39.93,40.0,50.18,50.0,40.22,40.0,3.5474539
2024-08-13 05:44:40,29.48523,42.09366,22.526031,47.69676,-15.0,-15.526619,-13.556133,-16.07639,-14.236111,38.085938,23.690683,23.249422,51.28784,4.1030273,51.308002,39.93,40.0,50.12,50.0,40.16,40.0,3.5770397
2024-08-13 05:44:41,29.549011,42.25476,22.65384,47.858795,-15.0,-15.526619,-13.556133,-16.047455,-14.221645,38.18721,23.517073,23.596643,51.312256,4.1049805,51.308002,40.1,40.0,50.18,50.0,40.16,40.0,3.517868
2024-08-13 05:44:42,29.48523,42.14737,22.526031,47.824074,-15.0,-15.526619,-13.556133,-16.047455,-14.236111,37.984665,22.815393,23.806423,51.30005,4.104004,51.308002,40.05,40.0,50.12,50.0,40.22,40.0,3.5770397
2024-08-13 05:44:43,29.453339,42.120514,22.621887,47.73148,-15.0,-15.526619,-13.556133,-16.047455,-14.236111,38.18721,23.89323,23.191551,51.306152,4.104492,51.308002,40.16,40.0,50.12,50.0,40.22,40.0,3.517868
2024-08-13 05:44:44,29.48523,42.09366,22.589935,47.75463,-15.0,-15.526619,-13.556133,-16.047455,-14.236111,38.09317,23.090277,23.191551,51.293945,4.1035156,51.308002,40.1,40.0,50.12,50.0,40.22,40.0,3.429109
2024-08-13 05:44:45,29.772186,42.039948,22.589935,47.800926,-15.0,-15.526619,-13.556133,-16.047455,-14.236111,38.085938,23.191551,23.408566,51.28174,4.102539,51.308002,40.22,40.0,50.18,50.0,40.33,40.0,3.5770397
2024-08-13 05:44:46,30.898468,42.281616,22.526031,47.73148,-15.0,-15.526619,-13.556133,-16.047455,-14.236111,38.09317,22.887732,23.58941,51.312256,4.1049805,51.308002,40.22,40.0,50.18,50.0,40.33,40.0,3.5770397
2024-08-13 05:44:47,33.497253,43.596985,21.918701,47.71991,-15.0,-15.526619,-13.556133,-16.047455,-14.236111,38.18721,23.791956,22.996239,51.275635,4.102051,51.308002,40.22,40.0,50.12,50.0,40.27,40.0,3.4586954
2024-08-13 05:44:48,31.687042,43.328583,21.598999,47.766205,-15.0,-15.526619,-13.570602,-16.07639,-14.236111,38.085938,23.70515,23.191551,51.33667,4.1069336,51.308002,40.22,40.0,50.18,50.0,40.33,40.0,3.5474539
2024-08-13 05:44:49,24.02774,34.168518,21.535065,47.708336,-15.0,-15.526619,-13.570602,-16.07639,-14.236111,38.085938,22.989004,23.596643,51.28174,4.102539,51.308002,40.27,40.0,50.12,50.0,40.27,40.0,3.5770397
2024-08-13 05:44:50,23.868042,26.614105,21.567017,47.685184,-15.0,-15.526619,-13.570602,-16.047455,-14.25058,38.18721,23.394098,23.690683,51.324463,4.105957,51.308002,40.33,40.0,50.18,50.0,40.27,40.0,3.4586954
2024-08-13 05:44:51,27.25235,38.280914,22.781677,47.75463,-15.0,-15.526619,-13.570602,-16.047455,-14.25058,38.0353,23.4375,23.220486,51.275635,4.102051,51.308002,40.33,40.0,50.18,50.0,40.33,40.0,3.5770397
2024-08-13 05:44:52,31.132141,42.630615,22.685822,47.708336,-15.0,-15.526619,-13.570602,-16.047455,-14.25058,38.085938,23.28559,23.386864,51.31836,4.1054688,51.308002,40.33,40.0,50.12,50.0,40.33,40.0,3.5474539
2024-08-13 05:44:53,27.858582,41.637207,21.662964,47.73148,-15.0,-15.526619,-13.570602,-16.047455,-14.25058,38.18721,23.184317,23.770254,51.293945,4.1035156,51.308002,40.44,40.0,50.18,50.0,40.33,40.0,3.517868
2024-08-13 05:44:54,26.326813,38.834686,21.854767,47.743053,-15.0,-15.526619,-13.570602,-16.047455,-14.25058,37.984665,23.668982,23.386864,51.28784,4.1030273,51.308002,40.33,40.0,50.18,50.0,40.33,40.0,3.4882812
2024-08-13 05:44:55,33.99344,43.301727,21.630981,47.77778,-15.0,-15.526619,-13.570602,-16.047455,-14.25058,38.085938,24.001736,23.148148,51.33667,4.1069336,51.308002,40.5,40.0,50.12,50.0,40.5,40.0,3.5770397
2024-08-13 05:44:56,24.219421,42.013123,21.343231,47.75463,-15.0,-15.526619,-13.570602,-16.047455,-14.25058,38.09317,23.885996,23.300058,51.28174,4.102539,51.308002,40.44,40.0,50.18,50.0,40.44,40.0,3.517868
2024-08-13 05:44:57,23.676361,25.879913,21.279266,47.743053,-15.0,-15.526619,-13.570602,-16.047455,-14.25058,37.991898,22.815393,23.292824,51.330566,4.1064453,51.308002,40.55,40.0,50.12,50.0,40.44,40.0,3.517868
2024-08-13 05:44:58,23.612457,25.560669,21.343231,47.766205,-15.0,-15.4976845,-13.570602,-16.047455,-14.25058,38.057003,23.191551,23.292824,51.275635,4.102051,51.308002,40.5,40.0,50.12,50.0,40.44,40.0,3.5770397
2024-08-13 05:44:59,23.612457,25.656433,21.311249,47.73148,-15.0,-15.4976845,-13.570602,-16.047455,-14.25058,38.18721,23.191551,23.097511,51.312256,4.1049805,51.308002,40.5,40.0,50.12,50.0,40.44,40.0,3.4882812
2024-08-13 05:45:00,23.580505,25.624542,21.311249,47.743053,-15.0,-15.526619,-13.570602,-16.047455,-14.25058,38.18721,23.191551,23.488136,51.275635,4.102051,51.308002,40.55,40.0,50.18,50.0,40.44,40.0,3.517868
2024-08-13 05:45:01,23.83612,28.368988,21.375214,47.766205,-15.0,-15.526619,-13.570602,-16.047455,-14.25058,38.078705,23.090277,23.690683,51.330566,4.1064453,51.308002,40.61,40.0,50.12,50.0,40.44,40.0,3.5474539
2024-08-13 05:45:02,23.931946,28.209503,21.439148,47.63889,-15.0,-15.526619,-13.570602,-16.047455,-14.25058,38.18721,23.791956,23.488136,51.28174,4.102539,51.308002,40.55,40.0,50.18,50.0,40.5,40.0,3.5474539
2024-08-13 05:45:03,23.83612,26.805573,21.407166,47.78935,-15.0,-15.526619,-13.570602,-16.047455,-14.25058,38.085938,24.00897,23.994503,51.330566,4.1064453,51.308002,40.66,40.0,50.18,50.0,40.55,40.0,3.429109
2024-08-13 05:45:04,26.773682,37.843628,22.49408,47.77778,-15.0,-15.526619,-13.570602,-16.047455,-14.25058,38.09317,23.582176,23.596643,51.31836,4.1054688,51.308002,40.66,40.0,50.12,50.0,40.55,40.0,3.5770397
2024-08-13 05:45:05,29.51712,41.153778,21.567017,47.685184,-15.0,-15.526619,-13.570602,-16.047455,-14.25058,38.18721,22.612848,23.097511,51.306152,4.104492,51.308002,40.61,40.0,50.12,50.0,40.55,40.0,3.5474539
2024-08-13 05:45:06,23.868042,32.884247,21.439148,47.77778,-15.0,-15.526619,-13.570602,-16.047455,-14.25058,38.179977,22.815393,22.916668,51.293945,4.1035156,51.308002,40.61,40.0,50.18,50.0,40.55,40.0,3.4586954
2024-08-13 05:45:07,27.411896,40.11685,22.557953,47.77778,-15.0,-15.526619,-13.570602,-16.047455,-14.25058,38.085938,22.989004,22.786457,51.28174,4.102539,51.308002,40.66,40.0,50.06,50.0,40.61,40.0,3.5474539
2024-08-13 05:45:08,31.628662,42.227936,22.749725,47.71991,-15.0,-15.526619,-13.570602,-16.047455,-14.25058,38.085938,23.292824,23.791956,51.312256,4.1049805,51.308002,40.61,40.0,50.12,50.0,40.55,40.0,3.5770397
2024-08-13 05:45:09,31.190552,42.65747,21.598999,47.83565,-15.0,-15.526619,-13.570602,-16.047455,-14.25058,38.18721,22.996239,23.690683,51.275635,4.102051,51.308002,40.55,40.0,50.12,50.0,40.61,40.0,3.4586954
2024-08-13 05:45:10,24.698486,37.960236,21.279266,47.743053,-15.0,-15.526619,-13.570602,-16.047455,-14.25058,38.09317,24.31279,23.791956,51.324463,4.105957,51.308002,40.5,40.0,50.12,50.0,40.55,40.0,3.5474539
2024-08-13 05:45:11,23.740234,25.78418,21.375214,47.73148,-15.0,-15.526619,-13.556133,-16.07639,-14.236111,38.09317,24.117477,23.987268,51.30005,4.104004,51.308002,40.44,40.0,50.12,50.0,40.55,40.0,3.5474539
2024-08-13 05:45:12,23.708282,30.781586,21.311249,47.766205,-15.0,-15.526619,-13.570602,-16.07639,-14.236111,38.18721,23.734085,23.885996,51.324463,4.105957,51.308002,40.33,40.0,50.12,50.0,40.55,40.0,3.517868
2024-08-13 05:45:13,26.326813,38.280914,21.918701,47.743053,-15.0,-15.526619,-13.570602,-16.07639,-14.25058,38.057003,22.902199,23.58941,51.293945,4.1035156,51.308002,40.22,40.0,50.18,50.0,40.5,40.0,3.517868
2024-08-13 05:45:14,29.708435,41.932587,21.4711,47.77778,-15.0,-15.526619,-13.570602,-16.07639,-14.25058,38.085938,22.815393,22.301794,51.306152,4.104492,51.308002,40.16,40.0,50.12,50.0,40.5,40.0,3.5474539
2024-08-13 05:45:15,24.155548,40.46643,21.375214,47.8125,-15.0,-15.526619,-13.570602,-16.07639,-14.25058,38.18721,22.887732,22.916668,51.306152,4.104492,51.308002,40.05,40.0,50.18,50.0,40.27,40.0,3.517868
2024-08-13 05:45:16,27.53952,39.62152,22.65384,47.78935,-15.0,-15.526619,-13.570602,-16.07639,-14.236111,38.085938,23.090277,23.394098,51.28174,4.102539,51.308002,40.1,40.0,50.12,50.0,40.27,40.0,3.517868
2024-08-13 05:45:17,30.810822,42.14737,22.142456,47.708336,-15.0,-15.526619,-13.570602,-16.07639,-14.236111,38.085938,23.777489,23.502605,51.312256,4.1049805,51.308002,39.82,40.0,50.18,50.0,40.16,40.0,3.5770397
2024-08-13 05:45:18,31.89148,45.26068,21.535065,47.71991,-15.0,-15.526619,-13.570602,-16.07639,-14.236111,38.18721,24.016203,23.394098,51.263428,4.101074,51.308002,39.82,40.0,50.12,50.0,40.1,40.0,3.517868
2024-08-13 05:45:19,25.049805,42.55008,21.375214,47.766205,-15.0,-15.526619,-13.570602,-16.07639,-14.236111,38.085938,24.414062,23.89323,51.342773,4.107422,51.308002,39.6,40.0,50.18,50.0,39.88,40.0,3.4882812
2024-08-13 05:45:20,23.804169,26.358765,21.375214,47.708336,-15.0,-15.526619,-13.570602,-16.07639,-14.25058,38.18721,23.061342,23.690683,51.28784,4.1030273,51.308002,39.71,40.0,50.12,50.0,39.82,40.0,3.5474539
2024-08-13 05:45:21,23.83612,25.847992,21.439148,47.77778,-15.0,-15.526619,-13.570602,-16.047455,-14.25058,38.18721,23.292824,23.256655,51.33667,4.1069336,51.308002,39.71,40.0,50.12,50.0,39.77,40.0,3.5474539
2024-08-13 05:45:22,23.772186,25.720306,21.279266,47.77778,-15.0,-15.526619,-13.570602,-16.047455,-14.236111,38.085938,23.090277,22.497107,51.245117,4.0996094,51.308002,39.54,40.0,50.12,50.0,39.77,40.0,3.517868
2024-08-13 05:45:23,23.740234,25.720306,21.375214,47.71991,-15.0,-15.526619,-13.585072,-16.047455,-14.236111,38.085938,22.815393,23.097511,51.31836,4.1054688,51.308002,39.54,40.0,50.12,50.0,39.77,40.0,3.5770397
2024-08-13 05:45:24,23.740234,25.720306,21.375214,47.8125,-15.0,-15.526619,-13.570602,-16.047455,-14.25058,38.18721,22.894964,23.307293,51.293945,4.1035156,51.308002,39.54,40.0,50.06,50.0,39.77,40.0,3.5474539
2024-08-13 05:45:25,23.740234,25.752228,21.247284,47.67361,-15.0,-15.526619,-13.585072,-16.047455,-14.25058,38.085938,24.211515,23.394098,51.30005,4.104004,51.308002,39.54,40.0,50.12,50.0,39.77,40.0,3.429109
2024-08-13 05:45:26,23.708282,25.720306,21.247284,47.75463,-15.0,-15.526619,-13.585072,-16.047455,-14.25058,38.085938,24.211515,23.712385,51.312256,4.1049805,51.308002,39.54,40.0,50.12,50.0,39.77,40.0,3.5770397
2024-08-13 05:45:27,23.708282,25.688385,21.279266,47.69676,-15.0,-15.526619,-13.585072,-16.047455,-14.25058,38.179977,24.175348,23.885996,51.30005,4.104004,51.308002,39.6,40.0,50.12,50.0,39.77,40.0,3.5770397
2024-08-13 05:45:28,23.740234,25.720306,21.215332,47.71991,-15.0,-15.526619,-13.585072,-16.047455,-14.25058,38.12934,23.090277,23.668982,51.306152,4.104492,51.308002,39.6,40.0,50.18,50.0,39.77,40.0,3.4882812
2024-08-13 05:45:29,23.772186,25.720306,21.247284,47.73148,-15.0,-15.526619,-13.585072,-16.047455,-14.25058,38.085938,23.488136,23.386864,51.275635,4.102051,51.308002,39.6,40.0,50.12,50.0,39.71,40.0,3.5474539
2024-08-13 05:45:30,23.804169,25.78418,21.407166,47.71991,-15.0,-15.526619,-13.585072,-16.07639,-14.25058,38.18721,22.989004,22.793692,51.324463,4.105957,51.308002,39.71,40.0,50.06,50.0,39.82,40.0,3.5770397
2024-08-13 05:45:31,23.772186,25.879913,21.375214,47.71991,-15.0,-15.526619,-13.585072,-16.07639,-14.25058,38.194447,22.71412,23.191551,51.257324,4.100586,51.308002,39.71,40.0,50.18,50.0,39.77,40.0,3.517868
2024-08-13 05:45:32,23.740234,25.720306,21.407166,47.69676,-15.0,-15.526619,-13.585072,-16.047455,-14.236111,38.085938,22.815393,23.097511,51.33667,4.1069336,51.308002,39.77,40.0,50.06,50.0,39.77,40.0,3.5770397
2024-08-13 05:45:33,23.804169,25.847992,21.375214,47.685184,-15.0,-15.526619,-13.585072,-16.07639,-14.236111,38.18721,24.016203,23.191551,51.28174,4.102539,51.308002,39.71,40.0,50.12,50.0,39.82,40.0,3.5474539
2024-08-13 05:45:34,23.708282,25.656433,21.343231,47.61574,-15.0,-15.526619,-13.585072,-16.047455,-14.25058,38.18721,24.515335,24.001736,51.330566,4.1064453,51.308002,39.77,40.0,50.18,50.0,39.82,40.0,3.517868
2024-08-13 05:45:35,23.772186,25.81607,21.407166,47.75463,-15.0,-15.526619,-13.585072,-16.047455,-14.25058,38.085938,23.89323,23.89323,51.30005,4.104004,51.308002,39.77,40.0,50.06,50.0,39.82,40.0,3.5770397
2024-08-13 05:45:36,23.804169,25.688385,21.311249,47.67361,-15.0,-15.526619,-13.585072,-16.047455,-14.25058,38.085938,23.191551,23.885996,51.31836,4.1054688,51.308002,39.71,40.0,50.12,50.0,39.88,40.0,3.5770397
2024-08-13 05:45:37,23.740234,25.720306,21.343231,47.66204,-15.0,-15.526619,-13.585072,-16.047455,-14.25058,38.18721,23.690683,23.357927,51.312256,4.1049805,51.308002,39.88,40.0,50.12,50.0,39.88,40.0,3.517868
2024-08-13 05:45:38,23.804169,25.752228,21.407166,47.73148,-15.0,-15.4976845,-13.585072,-16.047455,-14.236111,38.085938,23.488136,23.625578,51.263428,4.101074,51.308002,39.88,40.0,50.18,50.0,39.88,40.0,3.517868
2024-08-13 05:45:39,23.83612,25.81607,21.375214,47.69676,-15.0,-15.4976845,-13.585072,-16.047455,-14.25058,38.0136,22.815393,23.292824,51.31836,4.1054688,51.308002,39.93,40.0,50.06,50.0,39.93,40.0,3.5474539
2024-08-13 05:45:40,23.740234,25.720306,21.18335,47.61574,-15.0,-15.4976845,-13.585072,-16.047455,-14.25058,38.18721,23.191551,22.989004,51.275635,4.102051,51.308002,40.05,40.0,50.06,50.0,40.05,40.0,3.5770397
2024-08-13 05:45:41,23.740234,25.720306,21.375214,47.685184,-15.0,-15.4976845,-13.585072,-16.047455,-14.25058,37.991898,23.690683,22.316261,51.31836,4.1054688,51.308002,40.05,40.0,50.12,50.0,39.93,40.0,3.517868
2024-08-13 05:45:42,23.740234,25.624542,21.247284,47.67361,-15.0,-15.4976845,-13.585072,-16.047455,-14.236111,38.085938,23.791956,23.719618,51.30005,4.104004,51.308002,39.93,40.0,50.12,50.0,40.1,40.0,3.5474539
2024-08-13 05:45:43,23.708282,25.688385,21.18335,47.569447,-15.0,-15.4976845,-13.585072,-16.047455,-14.236111,38.085938,23.488136,24.016203,51.33667,4.1069336,51.308002,40.1,40.0,50.06,50.0,40.05,40.0,3.5474539
2024-08-13 05:45:44,23.708282,25.624542,21.279266,47.627316,-15.0,-15.4976845,-13.585072,-16.047455,-14.25058,38.006367,23.488136,23.488136,51.293945,4.1035156,51.308002,40.05,40.0,50.06,50.0,40.1,40.0,3.517868
2024-08-13 05:45:45,23.708282,25.656433,21.375214,47.55787,-15.0,-15.4976845,-13.585072,-16.047455,-14.236111,37.984665,23.690683,23.097511,51.330566,4.1064453,51.308002,40.1,40.0,50.06,50.0,40.1,40.0,3.5770397
2024-08-13 05:45:46,23.708282,25.688385,21.247284,47.488426,-15.0,-15.4976845,-13.585072,-16.047455,-14.25058,38.085938,23.090277,23.885996,51.293945,4.1035156,51.308002,40.1,40.0,50.18,50.0,40.1,40.0,3.5770397
2024-08-13 05:45:47,23.804169,25.752228,21.375214,47.52315,-15.0,-15.4976845,-13.585072,-16.01852,-14.236111,38.085938,23.28559,23.690683,51.293945,4.1035156,51.308002,40.22,40.0,50.12,50.0,40.16,40.0,3.517868
2024-08-13 05:45:48,23.772186,25.688385,21.375214,47.604164,-15.0,-15.4976845,-13.585072,-16.01852,-14.236111,37.984665,23.191551,22.793692,51.31836,4.1054688,51.308002,40.22,40.0,50.12,50.0,40.16,40.0,3.5474539
2024-08-13 05:45:49,23.740234,25.752228,21.279266,47.58102,-15.0,-15.4976845,-13.570602,-16.01852,-14.236111,38.085938,23.58941,22.301794,51.28174,4.102539,51.308002,40.22,40.0,50.12,50.0,40.22,40.0,3.5770397
2024-08-13 05:45:50,23.772186,25.688385,21.343231,47.59259,-15.0,-15.46875,-13.570602,-16.01852,-14.236111,38.085938,23.690683,23.538773,51.324463,4.105957,51.308002,40.27,40.0,50.12,50.0,40.22,40.0,3.517868
2024-08-13 05:45:51,23.804169,25.81607,21.4711,47.61574,-15.0,-15.4976845,-13.570602,-16.01852,-14.236111,37.984665,23.090277,23.49537,51.30005,4.104004,51.308002,40.27,40.0,50.12,50.0,40.27,40.0,3.5474539
2024-08-13 05:45:52,23.740234,25.720306,21.4711,47.546295,-15.0,-15.46875,-13.570602,-16.01852,-14.236111,38.085938,23.89323,23.791956,51.33667,4.1069336,51.308002,40.27,40.0,50.12,50.0,40.22,40.0,3.5770397
2024-08-13 05:45:53,23.64441,25.17752,21.311249,47.55787,-15.0,-15.4976845,-13.570602,-16.01852,-14.236111,38.18721,23.690683,23.394098,51.275635,4.102051,51.308002,40.44,40.0,50.18,50.0,40.22,40.0,3.517868
2024-08-13 05:45:54,23.612457,25.36908,21.343231,47.546295,-15.0,-15.4976845,-13.570602,-16.01852,-14.236111,38.09317,23.191551,23.690683,51.312256,4.1049805,51.308002,40.33,40.0,50.12,50.0,40.27,40.0,3.6066265
2024-08-13 05:45:55,23.676361,25.720306,21.343231,47.41898,-15.0,-15.4976845,-13.570602,-16.01852,-14.236111,38.085938,23.292824,23.791956,51.275635,4.102051,51.308002,40.44,40.0,50.06,50.0,40.33,40.0,3.6362123
2024-08-13 05:45:56,23.772186,25.847992,21.247284,47.47685,-15.0,-15.4976845,-13.556133,-16.01852,-14.236111,38.085938,23.791956,23.003473,51.31836,4.1054688,51.308002,40.33,40.0,50.06,50.0,40.33,40.0,3.5474539
2024-08-13 05:45:57,25.464905,37.52292,21.694916,47.44213,-15.0,-15.4976845,-13.570602,-16.01852,-14.236111,37.984665,23.885996,23.025173,51.30005,4.104004,51.308002,40.5,40.0,50.06,50.0,40.27,40.0,3.517868
2024-08-13 05:45:58,29.325775,42.227936,21.790833,47.511574,-15.0,-15.4976845,-13.556133,-16.01852,-14.236111,37.984665,23.58941,23.488136,51.306152,4.104492,51.308002,40.55,40.0,50.12,50.0,40.33,40.0,3.5770397
2024-08-13 05:45:59,26.103394,41.9057,21.4711,47.55787,-15.0,-15.4976845,-13.570602,-16.047455,-14.236111,38.085938,22.612848,23.206018,51.330566,4.1064453,51.308002,40.55,40.0,50.12,50.0,40.27,40.0,3.5770397
2024-08-13 05:46:00,23.676361,25.464905,21.247284,47.511574,-15.0,-15.4976845,-13.556133,-16.047455,-14.236111,37.984665,23.58941,22.996239,51.28174,4.102539,51.308002,40.5,40.0,50.12,50.0,40.33,40.0,3.517868
2024-08-13 05:46:01,27.092804,37.552094,22.941467,47.511574,-15.0,-15.4976845,-13.556133,-16.047455,-14.236111,37.984665,23.488136,23.191551,51.31836,4.1054688,51.308002,40.55,40.0,50.12,50.0,40.44,40.0,3.5474539
2024-08-13 05:46:02,31.424225,42.523254,22.621887,47.47685,-15.0,-15.4976845,-13.556133,-16.047455,-14.236111,37.984665,23.090277,23.394098,51.275635,4.102051,51.308002,40.55,40.0,50.06,50.0,40.44,40.0,3.5474539
2024-08-13 05:46:03,33.555634,42.89908,21.822784,47.453705,-15.0,-15.4976845,-13.556133,-16.047455,-14.221645,37.984665,23.76302,23.292824,51.324463,4.105957,51.308002,40.55,40.0,50.12,50.0,40.44,40.0,3.517868
2024-08-13 05:46:04,30.956879,44.697235,23.676361,47.453705,-15.0,-15.4976845,-13.556133,-16.047455,-14.221645,37.984665,24.508102,23.394098,51.26953,4.1015625,51.308002,40.61,40.0,50.06,50.0,40.33,40.0,3.5770397
2024-08-13 05:46:05,35.277283,44.965576,23.580505,47.395836,-15.0,-15.526619,-13.556133,-16.047455,-14.221645,38.085938,24.508102,24.088543,51.330566,4.1064453,51.308002,40.61,40.0,50.12,50.0,40.44,40.0,3.5474539
2024-08-13 05:46:06,27.603333,41.55664,21.343231,47.395836,-15.0,-15.526619,-13.556133,-16.047455,-14.221645,38.085938,23.70515,24.088543,51.28784,4.1030273,51.308002,40.66,40.0,50.12,50.0,40.44,40.0,3.429109
2024-08-13 05:46:07,23.676361,25.59262,21.311249,47.430553,-15.0,-15.526619,-13.556133,-16.047455,-14.221645,37.984665,23.184317,23.292824,51.324463,4.105957,51.308002,40.61,40.0,50.12,50.0,40.5,40.0,3.6066265
2024-08-13 05:46:08,23.580505,27.380005,21.247284,47.38426,-15.0,-15.526619,-13.556133,-16.047455,-14.221645,38.085938,23.28559,22.316261,51.293945,4.1035156,51.308002,40.66,40.0,50.06,50.0,40.5,40.0,3.6657991
2024-08-13 05:46:09,23.740234,30.489471,21.407166,47.38426,-15.0,-15.526619,-13.556133,-16.047455,-14.221645,38.085938,22.71412,22.800926,51.28174,4.102539,51.308002,40.55,40.0,50.06,50.0,40.44,40.0,3.517868
2024-08-13 05:46:10,23.708282,25.720306,21.215332,47.33796,-15.0,-15.526619,-13.556133,-16.047455,-14.221645,37.984665,22.989004,23.097511,51.312256,4.1049805,51.308002,40.55,40.0,50.06,50.0,40.5,40.0,3.6066265
2024-08-13 05:46:11,23.580505,25.432983,21.247284,47.30324,-15.0,-15.526619,-13.556133,-16.047455,-14.221645,37.984665,23.690683,22.699652,51.263428,4.101074,51.308002,40.44,40.0,50.06,50.0,40.55,40.0,3.5770397
2024-08-13 05:46:12,23.612457,25.528748,21.343231,47.32639,-15.0,-15.526619,-13.556133,-16.047455,-14.221645,38.085938,24.117477,23.003473,51.31836,4.1054688,51.308002,40.33,40.0,50.06,50.0,40.5,40.0,3.517868
2024-08-13 05:46:13,23.548553,26.645996,21.215332,47.372684,-15.0,-15.526619,-13.541664,-16.047455,-14.221645,37.984665,24.298323,23.791956,51.293945,4.1035156,51.308002,40.27,40.0,50.12,50.0,40.55,40.0,3.5770397
2024-08-13 05:46:14,23.548553,25.209442,21.247284,47.233795,-15.0,-15.526619,-13.556133,-16.047455,-14.221645,37.984665,23.090277,23.61111,51.342773,4.107422,51.308002,40.27,40.0,50.06,50.0,40.5,40.0,3.6362123
2024-08-13 05:46:15,23.516632,25.241394,21.18335,47.28009,-15.0,-15.526619,-13.556133,-16.047455,-14.221645,37.984665,23.900463,23.58941,51.28784,4.1030273,51.308002,40.16,40.0,50.12,50.0,40.55,40.0,3.5474539
2024-08-13 05:46:16,23.612457,25.78418,21.311249,47.30324,-15.0,-15.526619,-13.556133,-16.047455,-14.221645,37.883392,23.89323,23.191551,51.31836,4.1054688,51.308002,40.1,40.0,50.06,50.0,40.55,40.0,3.5474539
2024-08-13 05:46:17,23.612457,25.656433,21.215332,47.233795,-15.0,-15.526619,-13.556133,-16.047455,-14.221645,37.984665,22.989004,23.386864,51.293945,4.1035156,51.308002,39.88,40.0,50.12,50.0,40.55,40.0,3.6362123
2024-08-13 05:46:18,23.64441,25.656433,21.311249,47.30324,-15.0,-15.526619,-13.570602,-16.07639,-14.221645,37.984665,22.887732,23.191551,51.30005,4.104004,51.308002,39.82,40.0,50.12,50.0,40.55,40.0,3.5770397
2024-08-13 05:46:19,23.612457,25.560669,21.311249,47.34954,-15.0,-15.526619,-13.570602,-16.07639,-14.221645,37.883392,23.690683,22.50434,51.30005,4.104004,51.308002,39.82,40.0,50.12,50.0,40.55,40.0,3.517868
2024-08-13 05:46:20,23.580505,25.528748,21.18335,47.372684,-15.0,-15.526619,-13.570602,-16.07639,-14.236111,37.984665,24.016203,23.582176,51.293945,4.1035156,51.308002,39.6,40.0,50.12,50.0,40.66,40.0,3.6066265
2024-08-13 05:46:21,23.48468,25.432983,21.151367,47.24537,-15.0,-15.555553,-13.570602,-16.07639,-14.236111,37.999134,23.488136,23.994503,51.312256,4.1049805,51.308002,39.71,40.0,50.12,50.0,40.61,40.0,3.5770397
2024-08-13 05:46:22,23.548553,25.496796,21.247284,47.26852,-15.0,-15.555553,-13.570602,-16.07639,-14.236111,37.883392,23.191551,23.994503,51.293945,4.1035156,51.308002,39.6,40.0,50.06,50.0,40.61,40.0,3.517868
2024-08-13 05:46:23,23.548553,25.496796,21.18335,47.16435,-15.0,-15.555553,-13.570602,-16.07639,-14.236111,37.883392,23.89323,23.690683,51.33667,4.1069336,51.308002,39.77,40.0,50.12,50.0,40.55,40.0,3.6362123
2024-08-13 05:46:24,23.516632,25.496796,21.247284,47.21065,-15.0,-15.555553,-13.570602,-16.105324,-14.236111,38.085938,23.191551,23.032408,51.28174,4.102539,51.308002,39.77,40.0,50.06,50.0,40.5,40.0,3.5770397
2024-08-13 05:46:25,23.516632,25.496796,21.247284,47.24537,-15.0,-15.555553,-13.570602,-16.105324,-14.236111,37.883392,23.386864,23.488136,51.330566,4.1064453,51.308002,39.54,40.0,50.12,50.0,40.44,40.0,3.517868
2024-08-13 05:46:26,23.580505,25.528748,21.215332,47.16435,-15.0,-15.555553,-13.570602,-16.105324,-14.236111,37.883392,23.26389,23.292824,51.26953,4.1015625,51.308002,39.71,40.0,50.12,50.0,40.27,40.0,3.6362123
2024-08-13 05:46:27,23.548553,25.464905,21.279266,47.118053,-15.0,-15.555553,-13.570602,-16.105324,-14.236111,37.984665,23.885996,22.497107,51.31836,4.1054688,51.308002,39.77,40.0,50.12,50.0,40.27,40.0,3.6362123
2024-08-13 05:46:28,23.580505,25.496796,21.279266,47.1875,-15.0,-15.555553,-13.570602,-16.105324,-14.236111,37.883392,24.110243,23.394098,51.293945,4.1035156,51.308002,39.77,40.0,50.12,50.0,40.16,40.0,3.517868
2024-08-13 05:46:29,23.452728,25.401031,21.18335,47.16435,-15.0,-15.555553,-13.570602,-16.105324,-14.236111,37.883392,23.191551,23.32176,51.30005,4.104004,51.308002,39.71,40.0,50.12,50.0,40.05,40.0,3.5770397
2024-08-13 05:46:30,23.48468,25.401031,21.151367,47.141205,-15.0,-15.584492,-13.570602,-16.105324,-14.236111,37.883392,22.815393,23.097511,51.31836,4.1054688,51.308002,39.77,40.0,49.95,50.0,39.93,40.0,3.6066265
2024-08-13 05:46:31,23.580505,25.432983,21.311249,47.28009,-15.0,-15.584492,-13.585072,-16.105324,-14.25058,37.984665,23.791956,23.292824,51.293945,4.1035156,51.308002,39.77,40.0,50.12,50.0,39.88,40.0,3.517868
2024-08-13 05:46:32,23.580505,26.167236,21.247284,47.22222,-15.0,-15.584492,-13.585072,-16.105324,-14.25058,37.883392,23.191551,23.07581,51.324463,4.105957,51.308002,39.82,40.0,50.12,50.0,39.77,40.0,3.6362123
2024-08-13 05:46:33,23.64441,26.550262,21.215332,47.15278,-15.0,-15.584492,-13.585072,-16.105324,-14.25058,37.883392,23.58941,23.49537,51.275635,4.102051,51.308002,39.82,40.0,50.12,50.0,39.77,40.0,3.6066265
2024-08-13 05:46:34,23.804169,26.582184,21.279266,47.12963,-15.0,-15.584492,-13.585072,-16.105324,-14.25058,37.984665,23.777489,23.488136,51.312256,4.1049805,51.308002,39.88,40.0,50.12,50.0,39.71,40.0,3.5474539
2024-08-13 05:46:35,23.804169,26.199127,21.279266,47.314816,-15.0,-15.584492,-13.585072,-16.134258,-14.25058,37.883392,24.609375,23.49537,51.26953,4.1015625,51.308002,39.88,40.0,50.12,50.0,39.6,40.0,3.6066265
2024-08-13 05:46:36,24.123596,28.46466,21.343231,47.15278,-15.0,-15.584492,-13.585072,-16.134258,-14.25058,37.883392,24.717882,23.755787,51.330566,4.1064453,51.308002,39.82,40.0,50.12,50.0,39.6,40.0,3.6657991
2024-08-13 05:46:37,23.83612,28.656067,21.215332,47.1875,-15.0,-15.584492,-13.585072,-16.134258,-14.25058,37.984665,23.191551,23.690683,51.28174,4.102539,51.308002,39.93,40.0,50.12,50.0,39.6,40.0,3.5474539
2024-08-13 05:46:38,23.612457,25.337158,21.279266,47.1875,-15.0,-15.613426,-13.599537,-16.134258,-14.25058,37.883392,23.676214,23.386864,51.31836,4.1054688,51.308002,39.93,40.0,50.12,50.0,39.6,40.0,3.5474539
2024-08-13 05:46:39,23.48468,25.113678,21.311249,47.16435,-15.0,-15.613426,-13.599537,-16.134258,-14.265045,37.883392,23.090277,22.699652,51.31836,4.1054688,51.308002,39.93,40.0,50.06,50.0,39.71,40.0,3.6066265
2024-08-13 05:46:40,23.452728,25.241394,21.215332,47.12963,-15.0,-15.613426,-13.599537,-16.134258,-14.265045,38.085938,23.090277,22.902199,51.293945,4.1035156,51.308002,40.1,40.0,50.12,50.0,39.71,40.0,3.6066265
2024-08-13 05:46:41,23.804169,26.74176,21.311249,47.118053,-15.0,-15.613426,-13.599537,-16.134258,-14.265045,37.962963,22.989004,22.967302,51.312256,4.1049805,51.308002,40.1,40.0,50.06,50.0,39.71,40.0,3.517868
2024-08-13 05:46:42,27.188538,39.62152,22.014587,47.199074,-15.0,-15.613426,-13.599537,-16.163197,-14.265045,37.883392,23.58941,22.909433,51.26953,4.1015625,51.308002,40.05,40.0,50.12,50.0,39.71,40.0,3.6066265
2024-08-13 05:46:43,31.745453,43.140686,21.694916,47.15278,-15.0,-15.613426,-13.599537,-16.163197,-14.265045,37.984665,24.609375,23.596643,51.324463,4.105957,51.308002,40.16,40.0,50.06,50.0,39.71,40.0,3.5474539
2024-08-13 05:46:44,32.38791,43.489594,21.598999,47.256947,-15.0,-15.613426,-13.614006,-16.134258,-14.265045,37.883392,24.31279,23.791956,51.257324,4.100586,51.308002,40.16,40.0,50.06,50.0,39.71,40.0,3.517868
2024-08-13 05:46:45,24.602722,40.32077,21.4711,47.24537,-15.0,-15.613426,-13.614006,-16.134258,-14.265045,37.774883,23.05411,23.791956,51.342773,4.107422,51.308002,40.22,40.0,50.12,50.0,39.82,40.0,3.5770397
2024-08-13 05:46:46,23.580505,25.624542,21.279266,47.118053,-15.0,-15.613426,-13.614006,-16.134258,-14.279514,37.984665,23.690683,23.394098,51.293945,4.1035156,51.308002,40.22,40.0,50.06,50.0,39.77,40.0,3.5474539
2024-08-13 05:46:47,23.804169,26.933228,21.503082,47.175926,-15.0,-15.584492,-13.614006,-16.134258,-14.279514,37.883392,23.336227,22.945602,51.324463,4.105957,51.308002,40.22,40.0,50.12,50.0,39.82,40.0,3.517868
2024-08-13 05:46:48,26.48642,37.6687,21.726868,47.1875,-15.0,-15.584492,-13.614006,-16.134258,-14.279514,37.890625,22.989004,23.488136,51.28784,4.1030273,51.308002,40.27,40.0,49.95,50.0,39.82,40.0,3.5770397
2024-08-13 05:46:49,28.337067,39.388428,21.950653,47.04861,-15.0,-15.584492,-13.614006,-16.134258,-14.279514,37.883392,23.090277,23.567707,51.324463,4.105957,51.308002,40.27,40.0,50.06,50.0,39.88,40.0,3.6657991
2024-08-13 05:46:50,26.614105,39.67981,21.822784,47.21065,-15.0,-15.584492,-13.628471,-16.134258,-14.279514,37.883392,23.885996,22.800926,51.293945,4.1035156,51.308002,40.33,40.0,50.06,50.0,39.88,40.0,3.517868
2024-08-13 05:46:51,30.43103,43.194366,22.334259,47.1875,-15.0,-15.584492,-13.628471,-16.134258,-14.279514,37.774883,24.04514,23.292824,51.293945,4.1035156,51.308002,40.44,40.0,50.12,50.0,39.93,40.0,3.5474539
2024-08-13 05:46:52,35.160583,43.06012,23.48468,47.26852,-15.0,-15.584492,-13.628471,-16.134258,-14.29398,37.883392,23.690683,23.596643,51.306152,4.104492,51.308002,40.5,40.0,50.06,50.0,39.93,40.0,3.5770397
2024-08-13 05:46:53,27.890472,41.046387,21.886719,47.175926,-15.0,-15.584492,-13.628471,-16.105324,-14.29398,37.883392,23.242188,23.596643,51.28174,4.102539,51.308002,40.44,40.0,50.06,50.0,40.05,40.0,3.517868
2024-08-13 05:46:54,29.676544,42.49637,21.375214,47.118053,-15.0,-15.584492,-13.628471,-16.134258,-14.29398,37.774883,23.690683,23.394098,51.342773,4.107422,51.308002,40.5,40.0,50.12,50.0,40.05,40.0,3.5770397
2024-08-13 05:46:55,26.263,42.415863,21.375214,47.118053,-15.0,-15.584492,-13.628471,-16.105324,-14.29398,37.883392,23.603878,23.394098,51.28174,4.102539,51.308002,40.5,40.0,50.06,50.0,40.1,40.0,3.6362123
2024-08-13 05:46:56,25.1456,42.55008,21.311249,47.12963,-15.0,-15.584492,-13.6429405,-16.105324,-14.29398,37.984665,23.34346,23.690683,51.324463,4.105957,51.308002,40.55,40.0,50.06,50.0,40.1,40.0,3.517868
2024-08-13 05:46:57,23.676361,26.454529,21.279266,47.233795,-15.0,-15.584492,-13.6429405,-16.105324,-14.29398,37.774883,22.974537,23.394098,51.28784,4.1030273,51.308002,40.5,40.0,50.12,50.0,40.16,40.0,3.5474539
2024-08-13 05:46:58,23.64441,26.135315,21.151367,47.09491,-15.0,-15.555553,-13.6429405,-16.105324,-14.29398,37.774883,24.233217,22.887732,51.312256,4.1049805,51.308002,40.55,40.0,50.06,50.0,40.16,40.0,3.6362123
2024-08-13 05:46:59,23.580505,25.401031,21.215332,47.141205,-15.0,-15.555553,-13.6429405,-16.105324,-14.308449,37.883392,24.31279,23.560474,51.30005,4.104004,51.308002,40.61,40.0,50.12,50.0,40.16,40.0,3.5770397
2024-08-13 05:47:00,23.48468,25.305267,21.119385,47.12963,-15.0,-15.555553,-13.628471,-16.105324,-14.308449,37.76765,23.28559,23.191551,51.28174,4.102539,51.308002,40.72,40.0,50.12,50.0,40.22,40.0,3.5474539
2024-08-13 05:47:01,23.548553,25.432983,21.215332,47.10648,-15.0,-15.584492,-13.6429405,-16.105324,-14.308449,37.774883,23.596643,23.198786,51.31836,4.1054688,51.308002,40.61,40.0,50.12,50.0,40.16,40.0,3.5474539
2024-08-13 05:47:02,23.740234,26.103394,21.247284,47.141205,-15.0,-15.555553,-13.6429405,-16.105324,-14.308449,37.890625,23.791956,23.003473,51.306152,4.104492,51.308002,40.61,40.0,50.12,50.0,40.16,40.0,3.5770397
2024-08-13 05:47:03,23.772186,25.847992,21.215332,47.1875,-15.0,-15.555553,-13.628471,-16.105324,-14.308449,37.774883,23.58941,23.480902,51.33667,4.1069336,51.308002,40.61,40.0,50.06,50.0,40.16,40.0,3.4882812
2024-08-13 05:47:04,24.155548,27.922394,21.247284,47.12963,-15.0,-15.555553,-13.628471,-16.105324,-14.308449,37.774883,23.596643,23.668982,51.26953,4.1015625,51.308002,40.66,40.0,50.06,50.0,40.27,40.0,3.6362123
2024-08-13 05:47:05,23.772186,27.762848,21.311249,47.04861,-15.0,-15.555553,-13.6429405,-16.105324,-14.308449,37.883392,24.139177,23.58941,51.330566,4.1064453,51.308002,40.61,40.0,49.95,50.0,40.22,40.0,3.5474539
2024-08-13 05:47:06,23.676361,26.550262,21.279266,47.141205,-15.0,-15.555553,-13.6429405,-16.105324,-14.308449,37.774883,24.710648,23.090277,51.263428,4.101074,51.308002,40.66,40.0,50.06,50.0,40.22,40.0,3.517868
2024-08-13 05:47:07,23.548553,25.273315,21.343231,47.15278,-15.0,-15.555553,-13.6429405,-16.105324,-14.308449,37.774883,24.00897,23.292824,51.324463,4.105957,51.308002,40.61,40.0,50.12,50.0,40.27,40.0,3.6362123
2024-08-13 05:47:08,23.612457,25.241394,21.343231,47.12963,-15.0,-15.555553,-13.628471,-16.105324,-14.308449,37.883392,23.083044,23.256655,51.28174,4.102539,51.308002,40.55,40.0,50.06,50.0,40.27,40.0,3.6362123
2024-08-13 05:47:09,23.676361,26.390686,21.279266,47.16435,-15.0,-15.555553,-13.6429405,-16.105324,-14.308449,37.774883,23.191551,22.902199,51.306152,4.104492,51.308002,40.5,40.0,50.06,50.0,40.33,40.0,3.517868
2024-08-13 05:47:10,23.64441,25.879913,21.343231,47.15278,-15.0,-15.555553,-13.6429405,-16.105324,-14.308449,37.68808,23.690683,22.902199,51.312256,4.1049805,51.308002,40.27,40.0,50.06,50.0,40.33,40.0,3.5474539
2024-08-13 05:47:11,27.730957,40.641235,22.526031,47.12963,-15.0,-15.555553,-13.628471,-16.105324,-14.308449,37.774883,23.394098,23.690683,51.312256,4.1049805,51.308002,40.22,40.0,50.06,50.0,40.27,40.0,3.6066265
2024-08-13 05:47:12,28.14569,40.831512,22.526031,47.09491,-15.0,-15.555553,-13.6429405,-16.105324,-14.308449,37.883392,23.307293,23.596643,51.312256,4.1049805,51.308002,40.05,40.0,50.06,50.0,40.33,40.0,3.517868
2024-08-13 05:47:13,25.975677,43.51645,21.407166,47.15278,-15.0,-15.555553,-13.628471,-16.105324,-14.29398,37.67361,24.327257,23.242188,51.275635,4.102051,51.308002,40.1,40.0,50.06,50.0,40.44,40.0,3.5770397
2024-08-13 05:47:14,23.804169,26.614105,21.343231,47.07176,-15.0,-15.555553,-13.628471,-16.105324,-14.29398,37.774883,24.609375,23.292824,51.312256,4.1049805,51.308002,39.93,40.0,50.12,50.0,40.33,40.0,3.6066265
2024-08-13 05:47:15,27.25235,39.21353,22.334259,47.09491,-15.0,-15.555553,-13.628471,-16.105324,-14.308449,37.774883,23.936632,23.58941,51.275635,4.102051,51.308002,39.88,40.0,49.95,50.0,40.33,40.0,3.517868
2024-08-13 05:47:16,33.52643,42.60379,21.726868,47.175926,-15.0,-15.555553,-13.628471,-16.105324,-14.29398,37.67361,22.71412,22.996239,51.324463,4.105957,51.308002,39.77,40.0,50.06,50.0,40.5,40.0,3.5770397
2024-08-13 05:47:17,27.156616,42.818573,22.781677,47.10648,-15.0,-15.555553,-13.628471,-16.105324,-14.29398,37.695312,23.28559,22.395832,51.293945,4.1035156,51.308002,39.71,40.0,49.95,50.0,40.44,40.0,3.6657991
2024-08-13 05:47:18,29.038788,43.892212,22.04654,47.16435,-15.0,-15.555553,-13.628471,-16.105324,-14.29398,37.774883,23.090277,22.395832,51.33667,4.1069336,51.308002,39.77,40.0,50.06,50.0,40.5,40.0,3.5474539
2024-08-13 05:47:19,32.241913,44.29477,21.439148,47.16435,-15.0,-15.555553,-13.628471,-16.105324,-14.29398,37.67361,23.372395,23.198786,51.28784,4.1030273,51.308002,39.71,40.0,50.06,50.0,40.44,40.0,3.5474539
2024-08-13 05:47:20,23.83612,29.357697,21.343231,47.22222,-15.0,-15.555553,-13.628471,-16.105324,-14.29398,37.67361,23.734085,23.49537,51.312256,4.1049805,51.308002,39.71,40.0,49.95,50.0,40.44,40.0,3.5770397
2024-08-13 05:47:21,23.548553,25.241394,21.279266,47.12963,-15.0,-15.584492,-13.628471,-16.105324,-14.29398,37.774883,24.710648,22.800926,51.306152,4.104492,51.308002,39.6,40.0,50.06,50.0,40.44,40.0,3.5770397
2024-08-13 05:47:22,23.580505,25.17752,21.311249,47.199074,-15.0,-15.555553,-13.628471,-16.105324,-14.29398,37.774883,24.414062,23.394098,51.28784,4.1030273,51.308002,39.71,40.0,50.06,50.0,40.5,40.0,3.517868
2024-08-13 05:47:23,23.64441,25.879913,21.247284,47.199074,-15.0,-15.555553,-13.628471,-16.105324,-14.29398,37.67361,24.406828,23.791956,51.306152,4.104492,51.308002,39.6,40.0,49.95,50.0,40.5,40.0,3.5474539
2024-08-13 05:47:24,23.48468,25.305267,21.247284,47.12963,-15.0,-15.555553,-13.628471,-16.105324,-14.29398,37.774883,23.394098,23.046875,51.26953,4.1015625,51.308002,39.54,40.0,50.06,50.0,40.5,40.0,3.5474539
2024-08-13 05:47:25,23.548553,25.78418,21.215332,47.1875,-15.0,-15.555553,-13.628471,-16.105324,-14.29398,37.67361,23.28559,22.395832,51.31836,4.1054688,51.308002,39.6,40.0,50.06,50.0,40.55,40.0,3.517868
2024-08-13 05:47:26,23.708282,25.943787,21.279266,47.175926,-15.0,-15.584492,-13.628471,-16.105324,-14.29398,37.67361,22.887732,22.996239,51.28784,4.1030273,51.308002,39.6,40.0,50.06,50.0,40.5,40.0,3.5770397
2024-08-13 05:47:27,23.708282,25.911865,21.343231,47.141205,-15.0,-15.584492,-13.628471,-16.105324,-14.29398,37.883392,22.989004,22.996239,51.33667,4.1069336,51.308002,39.77,40.0,49.95,50.0,40.55,40.0,3.5474539
2024-08-13 05:47:28,23.676361,26.709839,21.247284,47.141205,-15.0,-15.584492,-13.628471,-16.105324,-14.29398,37.774883,23.58941,23.292824,51.28784,4.1030273,51.308002,39.77,40.0,49.95,50.0,40.55,40.0,3.517868
2024-08-13 05:47:29,23.64441,26.645996,21.279266,47.10648,-15.0,-15.584492,-13.628471,-16.105324,-14.29398,37.774883,24.61661,23.097511,51.312256,4.1049805,51.308002,39.77,40.0,50.06,50.0,40.55,40.0,3.5474539
2024-08-13 05:47:30,23.580505,26.518341,21.087402,47.118053,-15.0,-15.584492,-13.628471,-16.105324,-14.29398,37.883392,24.537037,23.82089,51.293945,4.1035156,51.308002,39.82,40.0,50.06,50.0,40.55,40.0,3.6362123
2024-08-13 05:47:31,23.580505,26.614105,21.18335,47.15278,-15.0,-15.584492,-13.614006,-16.105324,-14.279514,37.883392,23.89323,24.298323,51.306152,4.104492,51.308002,39.88,40.0,50.06,50.0,40.55,40.0,3.517868
2024-08-13 05:47:32,23.64441,26.614105,21.247284,47.175926,-15.0,-15.584492,-13.614006,-16.105324,-14.29398,37.67361,23.394098,23.791956,51.293945,4.1035156,51.308002,39.88,40.0,50.06,50.0,40.61,40.0,3.5474539
2024-08-13 05:47:33,23.612457,26.518341,21.215332,47.10648,-15.0,-15.584492,-13.628471,-16.134258,-14.29398,37.774883,23.386864,23.097511,51.312256,4.1049805,51.308002,39.88,40.0,50.12,50.0,40.55,40.0,3.5770397
2024-08-13 05:47:34,23.580505,26.454529,21.247284,47.141205,-15.0,-15.584492,-13.614006,-16.134258,-14.29398,37.883392,23.090277,22.945602,51.324463,4.105957,51.308002,39.88,40.0,50.06,50.0,40.55,40.0,3.4882812
2024-08-13 05:47:35,23.612457,26.422607,21.215332,47.083336,-15.0,-15.584492,-13.628471,-16.134258,-14.29398,37.774883,22.815393,23.097511,51.26953,4.1015625,51.308002,40.05,40.0,50.06,50.0,40.44,40.0,3.6066265
2024-08-13 05:47:36,23.548553,26.422607,21.18335,47.141205,-15.0,-15.584492,-13.628471,-16.134258,-14.29398,37.774883,23.683449,22.497107,51.330566,4.1064453,51.308002,40.05,40.0,50.06,50.0,40.44,40.0,3.6362123
2024-08-13 05:47:37,23.516632,26.263,21.119385,47.26852,-15.0,-15.584492,-13.628471,-16.134258,-14.29398,37.883392,24.117477,23.003473,51.263428,4.101074,51.308002,39.93,40.0,50.06,50.0,40.22,40.0,3.517868
2024-08-13 05:47:38,23.548553,26.358765,21.151367,47.22222,-15.0,-15.584492,-13.628471,-16.134258,-14.279514,37.774883,24.442997,23.596643,51.312256,4.1049805,51.308002,40.1,40.0,49.95,50.0,40.16,40.0,3.517868
2024-08-13 05:47:39,23.580505,26.294922,21.215332,47.233795,-15.0,-15.584492,-13.628471,-16.134258,-14.29398,37.774883,23.090277,23.791956,51.275635,4.102051,51.308002,40.1,40.0,49.95,50.0,40.05,40.0,3.5770397
2024-08-13 05:47:40,23.580505,26.263,21.18335,47.141205,-15.0,-15.613426,-13.628471,-16.134258,-14.29398,37.883392,23.89323,23.292824,51.312256,4.1049805,51.308002,40.05,40.0,50.06,50.0,39.93,40.0,3.5770397
2024-08-13 05:47:41,23.516632,26.135315,21.055481,47.1875,-15.0,-15.613426,-13.628471,-16.134258,-14.29398,37.67361,23.386864,23.090277,51.28784,4.1030273,51.308002,40.16,40.0,50.06,50.0,39.77,40.0,3.517868
2024-08-13 05:47:42,23.580505,26.103394,21.215332,47.233795,-15.0,-15.584492,-13.628471,-16.134258,-14.29398,37.774883,22.887732,22.902199,51.324463,4.105957,51.308002,40.22,40.0,50.12,50.0,39.77,40.0,3.5474539
2024-08-13 05:47:43,23.580505,25.847992,21.18335,47.1875,-15.0,-15.613426,-13.628471,-16.134258,-14.29398,37.883392,22.735823,23.097511,51.31836,4.1054688,51.308002,40.22,40.0,50.06,50.0,39.71,40.0,3.5770397
2024-08-13 05:47:44,23.48468,25.688385,21.247284,47.291664,-15.0,-15.613426,-13.628471,-16.134258,-14.29398,37.67361,24.016203,22.301794,51.28784,4.1030273,51.308002,40.22,40.0,50.06,50.0,39.71,40.0,3.517868
2024-08-13 05:47:45,23.452728,25.049805,21.151367,47.256947,-15.0,-15.613426,-13.628471,-16.134258,-14.29398,37.67361,23.791956,22.800926,51.324463,4.105957,51.308002,40.27,40.0,50.06,50.0,39.71,40.0,3.5770397
2024-08-13 05:47:46,23.420776,25.049805,21.119385,47.083336,-15.0,-15.613426,-13.628471,-16.134258,-14.29398,37.76765,23.58941,23.58941,51.263428,4.101074,51.308002,40.33,40.0,50.06,50.0,39.6,40.0,3.5474539
2024-08-13 05:47:47,23.48468,25.401031,21.18335,47.1875,-15.0,-15.613426,-13.6429405,-16.134258,-14.29398,37.774883,23.090277,23.791956,51.312256,4.1049805,51.308002,40.33,40.0,50.06,50.0,39.6,40.0,3.429109
2024-08-13 05:47:48,23.83612,26.805573,21.279266,47.26852,-15.0,-15.613426,-13.628471,-16.134258,-14.29398,37.67361,23.58941,23.198786,51.275635,4.102051,51.308002,40.33,40.0,50.06,50.0,39.77,40.0,3.5770397
2024-08-13 05:47:49,23.708282,27.060883,21.279266,47.24537,-15.0,-15.584492,-13.6429405,-16.134258,-14.29398,37.774883,23.090277,23.003473,51.324463,4.105957,51.308002,40.44,40.0,50.06,50.0,39.71,40.0,3.5770397
2024-08-13 05:47:50,23.99582,27.124695,21.119385,47.233795,-15.0,-15.584492,-13.6429405,-16.134258,-14.308449,37.883392,23.488136,23.394098,51.293945,4.1035156,51.308002,40.5,40.0,49.95,50.0,39.71,40.0,3.517868
2024-08-13 05:47:51,23.708282,26.135315,21.247284,47.22222,-15.0,-15.584492,-13.6429405,-16.134258,-14.29398,37.76765,23.47367,23.488136,51.312256,4.1049805,51.308002,40.44,40.0,49.95,50.0,39.71,40.0,3.5474539
2024-08-13 05:47:52,24.37912,35.24814,22.302277,47.233795,-15.0,-15.584492,-13.6429405,-16.134258,-14.308449,37.789352,24.508102,23.292824,51.31836,4.1054688,51.308002,40.55,40.0,50.06,50.0,39.71,40.0,3.5474539
2024-08-13 05:47:53,28.656067,40.291656,22.526031,47.256947,-15.0,-15.584492,-13.6429405,-16.134258,-14.308449,37.883392,24.240452,23.386864,51.28784,4.1030273,51.308002,40.55,40.0,50.06,50.0,39.77,40.0,3.517868
2024-08-13 05:47:54,34.080963,43.972717,22.270325,47.28009,-15.0,-15.584492,-13.6429405,-16.134258,-14.308449,37.67361,22.887732,23.394098,51.31836,4.1054688,51.308002,40.55,40.0,49.95,50.0,39.82,40.0,3.5770397
2024-08-13 05:47:55,28.11377,43.301727,21.726868,47.314816,-15.0,-15.584492,-13.6429405,-16.134258,-14.308449,37.774883,23.177082,23.003473,51.30005,4.104004,51.308002,40.66,40.0,49.95,50.0,39.77,40.0,3.517868
2024-08-13 05:47:56,28.241394,44.72409,21.535065,47.28009,-15.0,-15.584492,-13.6429405,-16.134258,-14.308449,37.883392,23.502605,23.010706,51.324463,4.105957,51.308002,40.61,40.0,49.9,50.0,39.82,40.0,3.517868
2024-08-13 05:47:57,25.528748,42.30844,21.279266,47.1875,-15.0,-15.584492,-13.6429405,-16.134258,-14.308449,37.774883,23.191551,23.191551,51.26953,4.1015625,51.308002,40.61,40.0,50.06,50.0,39.88,40.0,3.517868
2024-08-13 05:47:58,23.676361,28.624146,21.279266,47.256947,-15.0,-15.584492,-13.6429405,-16.134258,-14.308449,37.774883,23.394098,23.668982,51.35498,4.1083984,51.308002,40.72,40.0,50.06,50.0,39.82,40.0,3.5770397
2024-08-13 05:47:59,23.48468,25.209442,21.215332,47.24537,-15.0,-15.584492,-13.6429405,-16.134258,-14.322914,37.883392,23.900463,23.292824,51.28174,4.102539,51.308002,40.72,40.0,50.06,50.0,39.88,40.0,3.517868
2024-08-13 05:48:00,23.452728,25.049805,21.18335,47.24537,-15.0,-15.584492,-13.6429405,-16.134258,-14.322914,37.774883,24.211515,23.386864,51.324463,4.105957,51.308002,40.66,40.0,50.06,50.0,39.93,40.0,3.517868
2024-08-13 05:48:01,23.516632,25.432983,21.151367,47.175926,-15.0,-15.584492,-13.6429405,-16.105324,-14.308449,37.76765,24.001736,23.987268,51.26953,4.1015625,51.308002,40.72,40.0,50.06,50.0,39.88,40.0,3.5770397
2024-08-13 05:48:02,23.740234,26.709839,21.087402,47.30324,-15.0,-15.584492,-13.6429405,-16.134258,-14.308449,37.912327,22.71412,23.386864,51.31836,4.1054688,51.308002,40.72,40.0,50.06,50.0,39.93,40.0,3.517868
2024-08-13 05:48:03,23.676361,25.975677,21.18335,47.16435,-15.0,-15.584492,-13.6429405,-16.105324,-14.322914,37.774883,23.292824,22.699652,51.275635,4.102051,51.308002,40.66,40.0,50.06,50.0,39.93,40.0,3.4586954
2024-08-13 05:48:04,24.219421,27.986176,21.375214,47.24537,-15.0,-15.584492,-13.6429405,-16.105324,-14.322914,37.774883,23.198786,22.706886,51.312256,4.1049805,51.308002,40.66,40.0,50.06,50.0,39.93,40.0,3.5474539
2024-08-13 05:48:05,28.879333,41.476044,22.65384,47.15278,-15.0,-15.584492,-13.6429405,-16.105324,-14.322914,37.883392,23.618345,23.85706,51.324463,4.105957,51.308002,40.61,40.0,50.06,50.0,40.1,40.0,3.5474539
2024-08-13 05:48:06,34.752136,45.04605,22.302277,47.1875,-15.0,-15.584492,-13.6429405,-16.105324,-14.308449,37.774883,23.357927,23.791956,51.28174,4.102539,51.308002,40.55,40.0,49.95,50.0,40.1,40.0,3.429109
2024-08-13 05:48:07,34.60623,44.99237,22.49408,47.21065,-15.0,-15.584492,-13.657406,-16.105324,-14.308449,37.774883,24.31279,23.097511,51.342773,4.107422,51.308002,40.44,40.0,49.95,50.0,40.1,40.0,3.5770397
2024-08-13 05:48:08,28.018097,43.999573,21.503082,47.175926,-15.0,-15.584492,-13.6429405,-16.105324,-14.308449,37.883392,24.211515,23.49537,51.275635,4.102051,51.308002,40.27,40.0,50.06,50.0,40.1,40.0,3.5770397
2024-08-13 05:48:09,23.804169,28.624146,21.343231,47.256947,-15.0,-15.584492,-13.6429405,-16.105324,-14.308449,37.883392,24.110243,24.197048,51.31836,4.1054688,51.308002,40.1,40.0,50.06,50.0,40.22,40.0,3.4586954
2024-08-13 05:48:10,23.580505,28.496582,21.215332,47.22222,-15.0,-15.584492,-13.6429405,-16.105324,-14.308449,37.774883,22.80816,22.996239,51.28174,4.102539,51.308002,40.16,40.0,49.95,50.0,40.16,40.0,3.5474539
2024-08-13 05:48:11,23.612457,25.943787,21.18335,47.199074,-15.0,-15.555553,-13.6429405,-16.105324,-14.322914,37.883392,23.28559,22.497107,51.324463,4.105957,51.308002,40.05,40.0,50.06,50.0,40.16,40.0,3.5770397
2024-08-13 05:48:12,23.580505,25.847992,21.247284,47.34954,-15.0,-15.584492,-13.6429405,-16.105324,-14.322914,37.883392,22.815393,22.20052,51.293945,4.1035156,51.308002,39.88,40.0,49.95,50.0,40.22,40.0,3.4586954
2024-08-13 05:48:13,23.899994,26.709839,21.4711,47.141205,-15.0,-15.584492,-13.6429405,-16.105324,-14.308449,37.774883,22.887732,23.307293,51.31836,4.1054688,51.308002,39.71,40.0,50.06,50.0,40.27,40.0,3.5474539
2024-08-13 05:48:14,26.326813,38.39749,21.886719,47.1875,-15.0,-15.555553,-13.628471,-16.105324,-14.308449,37.774883,23.661747,23.596643,51.312256,4.1049805,51.308002,39.71,40.0,49.95,50.0,40.27,40.0,3.5474539
2024-08-13 05:48:15,30.635529,44.375244,21.694916,47.1875,-15.0,-15.555553,-13.6429405,-16.105324,-14.308449,37.883392,24.31279,23.386864,51.30005,4.104004,51.308002,39.6,40.0,50.06,50.0,40.27,40.0,3.517868
2024-08-13 05:48:16,29.995361,44.428925,21.503082,47.22222,-15.0,-15.555553,-13.6429405,-16.105324,-14.308449,37.774883,24.804688,24.088543,51.30005,4.104004,51.308002,39.71,40.0,49.95,50.0,40.22,40.0,3.517868
2024-08-13 05:48:17,26.358765,45.233856,21.4711,47.16435,-15.0,-15.555553,-13.6429405,-16.105324,-14.308449,37.774883,23.292824,24.197048,51.275635,4.102051,51.308002,39.54,40.0,50.06,50.0,40.33,40.0,3.5770397
2024-08-13 05:48:18,24.794342,45.63629,21.343231,47.15278,-15.0,-15.555553,-13.628471,-16.105324,-14.308449,37.984665,22.894964,23.394098,51.31836,4.1054688,51.308002,39.49,40.0,50.06,50.0,40.27,40.0,3.517868
2024-08-13 05:48:19,24.730438,45.448517,21.407166,47.1875,-15.0,-15.555553,-13.628471,-16.105324,-14.308449,37.774883,23.488136,23.11198,51.25122,4.1000977,51.308002,39.6,40.0,50.06,50.0,40.27,40.0,3.517868
2024-08-13 05:48:20,24.666565,45.52896,21.279266,47.199074,-15.0,-15.555553,-13.628471,-16.105324,-14.308449,37.774883,22.815393,23.097511,51.342773,4.107422,51.308002,39.49,40.0,50.06,50.0,40.27,40.0,3.5770397
2024-08-13 05:48:21,24.730438,45.52896,21.407166,47.28009,-15.0,-15.555553,-13.628471,-16.105324,-14.308449,37.897858,22.815393,22.996239,51.275635,4.102051,51.308002,39.6,40.0,50.06,50.0,40.33,40.0,3.517868
2024-08-13 05:48:22,24.730438,45.502136,21.375214,47.16435,-15.0,-15.555553,-13.628471,-16.105324,-14.308449,37.76765,23.40133,22.69242,51.31836,4.1054688,51.308002,39.54,40.0,50.06,50.0,40.44,40.0,3.517868
2024-08-13 05:48:23,24.698486,45.341187,21.343231,47.233795,-15.0,-15.555553,-13.628471,-16.105324,-14.308449,37.76765,23.791956,23.184317,51.312256,4.1049805,51.308002,39.54,40.0,50.06,50.0,40.44,40.0,3.5474539
2024-08-13 05:48:24,24.666565,45.42163,21.311249,47.1875,-15.0,-15.555553,-13.6429405,-16.105324,-14.29398,37.883392,24.117477,23.690683,51.306152,4.104492,51.308002,39.54,40.0,49.95,50.0,40.33,40.0,3.5770397
2024-08-13 05:48:25,24.666565,45.47531,21.439148,47.141205,-15.0,-15.555553,-13.628471,-16.105324,-14.308449,37.774883,23.191551,23.49537,51.30005,,,39.71,40.0,50.12,,,,3.4586954
2024-09-13 05:41:11,30.122894,42.469543,21.247284,47.060184,-15.0,-15.381947,-13.411461,-15.902779,-14.134838,37.67361,23.89323,22.699652,51.312256,4.1049805,51.308002,39.88,40.0,50.23,50.0,40.55,40.0,3.6066265
2024-09-13 05:41:12,30.869232,42.71118,21.311249,47.07176,-15.0,-15.381947,-13.411461,-15.902779,-14.134838,37.774883,23.690683,23.488136,51.306152,4.104492,51.308002,39.88,40.0,50.29,50.0,40.5,40.0,3.4882812
2024-09-13 05:41:13,23.548553,26.933228,21.18335,47.118053,-15.0,-15.381947,-13.411461,-15.902779,-14.134838,37.5651,23.690683,23.394098,51.30005,4.104004,51.308002,39.82,40.0,50.29,50.0,40.55,40.0,3.517868
2024-09-13 05:41:14,23.612457,26.03955,21.375214,47.10648,-15.0,-15.381947,-13.411461,-15.902779,-14.134838,37.67361,23.191551,23.488136,51.324463,4.105957,51.308002,39.88,40.0,50.23,50.0,40.55,40.0,3.5474539
2024-09-13 05:41:15,25.017853,37.639557,21.598999,47.16435,-15.0,-15.381947,-13.396992,-15.902779,-14.134838,37.76765,24.016203,23.394098,51.26953,4.1015625,51.308002,39.88,40.0,50.29,50.0,40.5,40.0,3.517868
2024-09-13 05:41:16,25.496796,38.280914,21.311249,47.175926,-15.0,-15.381947,-13.396992,-15.902779,-14.120369,37.67361,23.596643,23.488136,51.324463,4.105957,51.308002,39.93,40.0,50.29,50.0,40.5,40.0,3.4586954
2024-09-13 05:41:17,23.804169,34.89801,21.311249,,,-15.381947,-13.396992,-15.902779,,37.67361,23.184317,,51.28784,4.1030273,51.308002,39.93,40.0,50.23,50.0,40.61,40.0,3.5474539
2024-10-13 05:41:11,30.122894,42.469543,21.247284,47.060184,-15.0,-15.381947,-13.411461,-15.902779,-14.134838,37.67361,23.89323,22.699652,51.312256,4.1049805,51.308002,39.88,40.0,50.23,50.0,40.55,40.0,3.6066265
2024-10-13 05:41:12,30.869232,42.71118,21.311249,47.07176,-15.0,-15.381947,-13.411461,-15.902779,-14.134838,37.774883,23.690683,23.488136,51.306152,4.104492,51.308002,39.88,40.0,50.29,50.0,40.5,40.0,3.4882812
2024-10-13 05:41:13,23.548553,26.933228,21.18335,47.118053,-15.0,-15.381947,-13.411461,-15.902779,-14.134838,37.5651,23.690683,23.394098,51.30005,4.104004,51.308002,39.82,40.0,50.29,50.0,40.55,40.0,3.517868
2024-10-13 05:41:14,23.612457,26.03955,21.375214,47.10648,-15.0,-15.381947,-13.411461,-15.902779,-14.134838,37.67361,23.191551,23.488136,51.324463,4.105957,51.308002,39.88,40.0,50.23,50.0,40.55,40.0,3.5474539
2024-10-13 05:41:15,25.017853,37.639557,21.598999,47.16435,-15.0,-15.381947,-13.396992,-15.902779,-14.134838,37.76765,24.016203,23.394098,51.26953,4.1015625,51.308002,39.88,40.0,50.29,50.0,40.5,40.0,3.517868
2024-10-13 05:41:16,25.496796,38.280914,21.311249,47.175926,-15.0,-15.381947,-13.396992,-15.902779,-14.120369,37.67361,23.596643,23.488136,51.324463,4.105957,51.308002,39.93,40.0,50.29,50.0,40.5,40.0,3.4586954
2024-10-13 05:41:17,23.804169,34.89801,21.311249,,,-15.381947,-13.396992,-15.902779,,37.67361,23.184317,,51.28784,4.1030273,51.308002,39.93,40.0,50.23,50.0,40.61,40.0,3.5474539
